date,age_group,total_cases,total_cases_hospitalised
2021-08-24,0 to 9,14,
2021-08-24,10 to 19,32,
2021-08-24,20 to 29,47,
2021-08-24,30 to 39,10,
2021-08-24,40 to 49,13,
2021-08-24,50 to 59,19,
2021-08-24,60 to 69,9,
2021-08-24,70+,4,
2021-08-25,0 to 9,22,
2021-08-25,10 to 19,44,
2021-08-25,20 to 29,66,
2021-08-25,30 to 39,18,
2021-08-25,40 to 49,20,
2021-08-25,50 to 59,24,
2021-08-25,60 to 69,9,
2021-08-25,70+,7,
2021-08-26,0 to 9,32,
2021-08-26,10 to 19,59,
2021-08-26,20 to 29,81,
2021-08-26,30 to 39,21,
2021-08-26,40 to 49,29,
2021-08-26,50 to 59,36,
2021-08-26,60 to 69,11,
2021-08-26,70+,8,
2021-08-28,0,46,
2021-08-28,1,91,
2021-08-28,2,114,
2021-08-28,3,38,
2021-08-28,4,50,
2021-08-28,5,58,
2021-08-28,6,19,
2021-08-28,7,13,
2021-08-29,0 to 9,59,
2021-08-29,10 to 19,113,
2021-08-29,20 to 29,138,
2021-08-29,30 to 39,44,
2021-08-29,40 to 49,57,
2021-08-29,50 to 59,62,
2021-08-29,60 to 69,20,
2021-08-29,70+,16,
2021-08-30,0 to 9,72,
2021-08-30,10 to 19,128,
2021-08-30,20 to 29,148,
2021-08-30,30 to 39,49,
2021-08-30,40 to 49,60,
2021-08-30,50 to 59,68,
2021-08-30,60 to 69,22,
2021-08-30,70+,17,
2021-08-30,Unknown,0,
2021-08-31,0 to 9,75,
2021-08-31,10 to 19,151,
2021-08-31,20 to 29,157,
2021-08-31,30 to 39,52,
2021-08-31,40 to 49,64,
2021-08-31,50 to 59,73,
2021-08-31,60 to 69,23,
2021-08-31,70+,17,
2021-08-31,Unknown,0,
2021-09-01,0 to 9,87,
2021-09-01,10 to 19,170,
2021-09-01,20 to 29,180,
2021-09-01,30 to 39,57,
2021-09-01,40 to 49,68,
2021-09-01,50 to 59,83,
2021-09-01,60 to 69,23,
2021-09-01,70+,19,
2021-09-01,Unknown,0,
2021-09-02,0 to 9,95,
2021-09-02,10 to 19,178,
2021-09-02,20 to 29,197,
2021-09-02,30 to 39,62,
2021-09-02,40 to 49,74,
2021-09-02,50 to 59,87,
2021-09-02,60 to 69,24,
2021-09-02,70+,19,
2021-09-02,Unknown,0,
2021-09-03,0 to 9,101,
2021-09-03,10 to 19,184,
2021-09-03,20 to 29,202,
2021-09-03,30 to 39,66,
2021-09-03,40 to 49,78,
2021-09-03,50 to 59,89,
2021-09-03,60 to 69,25,
2021-09-03,70+,19,
2021-09-03,Unknown,0,
2021-09-04,0 to 9,102,
2021-09-04,10 to 19,187,
2021-09-04,20 to 29,209,
2021-09-04,30 to 39,68,
2021-09-04,40 to 49,78,
2021-09-04,50 to 59,91,
2021-09-04,60 to 69,26,
2021-09-04,70+,21,
2021-09-04,Unknown,0,
2021-09-05,0 to 9,107,
2021-09-05,10 to 19,190,
2021-09-05,20 to 29,218,
2021-09-05,30 to 39,71,
2021-09-05,40 to 49,77,
2021-09-05,50 to 59,91,
2021-09-05,60 to 69,26,
2021-09-05,70+,21,
2021-09-05,Unknown,0,
2021-09-06,0 to 9,110,
2021-09-06,10 to 19,192,
2021-09-06,20 to 29,222,
2021-09-06,30 to 39,76,
2021-09-06,40 to 49,82,
2021-09-06,50 to 59,91,
2021-09-06,60 to 69,27,
2021-09-06,70+,21,
2021-09-06,Unknown,0,
2021-09-07,0 to 9,118,
2021-09-07,10 to 19,196,
2021-09-07,20 to 29,228,
2021-09-07,30 to 39,77,
2021-09-07,40 to 49,84,
2021-09-07,50 to 59,92,
2021-09-07,60 to 69,27,
2021-09-07,70+,20,
2021-09-07,Unknown,0,
2021-09-08,0 to 9,121,
2021-09-08,10 to 19,198,
2021-09-08,20 to 29,231,
2021-09-08,30 to 39,78,
2021-09-08,40 to 49,85,
2021-09-08,50 to 59,94,
2021-09-08,60 to 69,28,
2021-09-08,70+,21,
2021-09-08,Unknown,0,
2021-09-09,0 to 9,125,
2021-09-09,10 to 19,201,
2021-09-09,20 to 29,234,
2021-09-09,30 to 39,79,
2021-09-09,40 to 49,85,
2021-09-09,50 to 59,94,
2021-09-09,60 to 69,30,
2021-09-09,70+,21,
2021-09-09,Unknown,0,
2021-09-10,0 to 9,126,
2021-09-10,10 to 19,206,
2021-09-10,20 to 29,236,
2021-09-10,30 to 39,80,
2021-09-10,40 to 49,86,
2021-09-10,50 to 59,94,
2021-09-10,60 to 69,30,
2021-09-10,70+,21,
2021-09-10,Unknown,0,
2021-09-11,0 to 9,135,
2021-09-11,10 to 19,209,
2021-09-11,20 to 29,239,
2021-09-11,30 to 39,83,
2021-09-11,40 to 49,88,
2021-09-11,50 to 59,96,
2021-09-11,60 to 69,31,
2021-09-11,70+,21,
2021-09-11,Unknown,0,
2021-09-13,0 to 9,156,
2021-09-13,10 to 19,223,
2021-09-13,20 to 29,245,
2021-09-13,30 to 39,86,
2021-09-13,40 to 49,93,
2021-09-13,50 to 59,99,
2021-09-13,60 to 69,31,
2021-09-13,70+,22,
2021-09-13,Unknown,0,
2021-09-14,0 to 9,165,
2021-09-14,10 to 19,224,
2021-09-14,20 to 29,249,
2021-09-14,30 to 39,85,
2021-09-14,40 to 49,94,
2021-09-14,50 to 59,99,
2021-09-14,60 to 69,31,
2021-09-14,70+,23,
2021-09-14,Unknown,0,
2021-09-17,0 to 9,167,
2021-09-17,10 to 19,239,
2021-09-17,20 to 29,256,
2021-09-17,30 to 39,90,
2021-09-17,40 to 49,96,
2021-09-17,50 to 59,101,
2021-09-17,60 to 69,33,
2021-09-17,70+,25,
2021-09-17,Unknown,0,
2021-09-18,0 to 9,171,
2021-09-18,10 to 19,242,
2021-09-18,20 to 29,264,
2021-09-18,30 to 39,91,
2021-09-18,40 to 49,98,
2021-09-18,50 to 59,103,
2021-09-18,60 to 69,33,
2021-09-18,70+,25,
2021-09-18,Unknown,0,
2021-09-19,0 to 9,178,
2021-09-19,10 to 19,245,
2021-09-19,20 to 29,269,
2021-09-19,30 to 39,94,
2021-09-19,40 to 49,99,
2021-09-19,50 to 59,103,
2021-09-19,60 to 69,36,
2021-09-19,70+,25,
2021-09-19,Unknown,1,
2021-09-21,0 to 9,185,
2021-09-21,10 to 19,253,
2021-09-21,20 to 29,276,
2021-09-21,30 to 39,97,
2021-09-21,40 to 49,107,
2021-09-21,50 to 59,105,
2021-09-21,60 to 69,36,
2021-09-21,70+,26,
2021-09-21,Unknown,0,
2021-09-22,0 to 9,192,
2021-09-22,10 to 19,258,
2021-09-22,20 to 29,280,
2021-09-22,30 to 39,97,
2021-09-22,40 to 49,113,
2021-09-22,50 to 59,105,
2021-09-22,60 to 69,37,
2021-09-22,70+,26,
2021-09-22,Unknown,0,
2021-09-23,0 to 9,196,
2021-09-23,10 to 19,259,
2021-09-23,20 to 29,283,
2021-09-23,30 to 39,99,
2021-09-23,40 to 49,115,
2021-09-23,50 to 59,107,
2021-09-23,60 to 69,38,
2021-09-23,70+,26,
2021-09-23,Unknown,0,
2021-09-24,0 to 9,199,
2021-09-24,10 to 19,261,
2021-09-24,20 to 29,284,
2021-09-24,30 to 39,99,
2021-09-24,40 to 49,116,
2021-09-24,50 to 59,107,
2021-09-24,60 to 69,39,
2021-09-24,70+,26,
2021-09-24,Unknown,0,
2021-09-25,0 to 9,200,
2021-09-25,10 to 19,265,
2021-09-25,20 to 29,287,
2021-09-25,30 to 39,103,
2021-09-25,40 to 49,116,
2021-09-25,50 to 59,111,
2021-09-25,60 to 69,39,
2021-09-25,70+,26,
2021-09-25,Unknown,0,
2021-09-26,0 to 9,202,
2021-09-26,10 to 19,268,
2021-09-26,20 to 29,289,
2021-09-26,30 to 39,106,
2021-09-26,40 to 49,119,
2021-09-26,50 to 59,114,
2021-09-26,60 to 69,40,
2021-09-26,70+,26,
2021-09-26,Unknown,1,
2021-09-27,0 to 9,206,
2021-09-27,10 to 19,270,
2021-09-27,20 to 29,292,
2021-09-27,30 to 39,107,
2021-09-27,40 to 49,121,
2021-09-27,50 to 59,114,
2021-09-27,60 to 69,41,
2021-09-27,70+,26,
2021-09-27,Unknown,0,
2021-09-28,0 to 9,208,
2021-09-28,10 to 19,273,
2021-09-28,20 to 29,293,
2021-09-28,30 to 39,107,
2021-09-28,40 to 49,122,
2021-09-28,50 to 59,115,
2021-09-28,60 to 69,41,
2021-09-28,70+,26,
2021-09-28,Unknown,0,
2021-09-29,0 to 9,224,
2021-09-29,10 to 19,277,
2021-09-29,20 to 29,304,
2021-09-29,30 to 39,112,
2021-09-29,40 to 49,127,
2021-09-29,50 to 59,117,
2021-09-29,60 to 69,43,
2021-09-29,70+,26,
2021-09-29,Unknown,0,
2021-09-30,0 to 9,226,
2021-09-30,10 to 19,282,
2021-09-30,20 to 29,308,
2021-09-30,30 to 39,112,
2021-09-30,40 to 49,133,
2021-09-30,50 to 59,118,
2021-09-30,60 to 69,43,
2021-09-30,70+,27,
2021-09-30,Unknown,0,
2021-10-01,0 to 9,230,
2021-10-01,10 to 19,285,
2021-10-01,20 to 29,314,
2021-10-01,30 to 39,114,
2021-10-01,40 to 49,135,
2021-10-01,50 to 59,120,
2021-10-01,60 to 69,43,
2021-10-01,70+,27,
2021-10-01,Unknown,0,
2021-10-02,0 to 9,235,
2021-10-02,10 to 19,292,
2021-10-02,20 to 29,316,
2021-10-02,30 to 39,120,
2021-10-02,40 to 49,136,
2021-10-02,50 to 59,124,
2021-10-02,60 to 69,45,
2021-10-02,70+,27,
2021-10-02,Unknown,0,
2021-10-03,0 to 9,239,
2021-10-03,10 to 19,297,
2021-10-03,20 to 29,322,
2021-10-03,30 to 39,125,
2021-10-03,40 to 49,144,
2021-10-03,50 to 59,128,
2021-10-03,60 to 69,45,
2021-10-03,70+,28,
2021-10-03,Unknown,0,
2021-10-04,0 to 9,245,
2021-10-04,10 to 19,301,
2021-10-04,20 to 29,325,
2021-10-04,30 to 39,131,
2021-10-04,40 to 49,147,
2021-10-04,50 to 59,133,
2021-10-04,60 to 69,47,
2021-10-04,70+,28,
2021-10-04,Unknown,0,
2021-10-05,0 to 9,245,
2021-10-05,10 to 19,303,
2021-10-05,20 to 29,329,
2021-10-05,30 to 39,136,
2021-10-05,40 to 49,153,
2021-10-05,50 to 59,140,
2021-10-05,60 to 69,47,
2021-10-05,70+,28,
2021-10-05,Unknown,0,
2021-10-06,0 to 9,247,
2021-10-06,10 to 19,307,
2021-10-06,20 to 29,337,
2021-10-06,30 to 39,148,
2021-10-06,40 to 49,159,
2021-10-06,50 to 59,145,
2021-10-06,60 to 69,49,
2021-10-06,70+,28,
2021-10-06,Unknown,0,
2021-10-07,0 to 9,251,
2021-10-07,10 to 19,310,
2021-10-07,20 to 29,343,
2021-10-07,30 to 39,154,
2021-10-07,40 to 49,165,
2021-10-07,50 to 59,148,
2021-10-07,60 to 69,49,
2021-10-07,70+,28,
2021-10-07,Unknown,0,
2021-10-08,0 to 9,261,
2021-10-08,10 to 19,315,
2021-10-08,20 to 29,350,
2021-10-08,30 to 39,164,
2021-10-08,40 to 49,170,
2021-10-08,50 to 59,155,
2021-10-08,60 to 69,50,
2021-10-08,70+,28,
2021-10-08,Unknown,0,
2021-10-09,0 to 9,266,
2021-10-09,10 to 19,321,
2021-10-09,20 to 29,354,
2021-10-09,30 to 39,170,
2021-10-09,40 to 49,173,
2021-10-09,50 to 59,162,
2021-10-09,60 to 69,53,
2021-10-09,70+,28,
2021-10-09,Unknown,0,
2021-10-10,0 to 9,273,
2021-10-10,10 to 19,327,
2021-10-10,20 to 29,363,
2021-10-10,30 to 39,182,
2021-10-10,40 to 49,190,
2021-10-10,50 to 59,168,
2021-10-10,60 to 69,54,
2021-10-10,70+,30,
2021-10-10,Unknown,0,
2021-10-11,0 to 9,278,
2021-10-11,10 to 19,331,
2021-10-11,20 to 29,370,
2021-10-11,30 to 39,190,
2021-10-11,40 to 49,195,
2021-10-11,50 to 59,173,
2021-10-11,60 to 69,55,
2021-10-11,70+,30,
2021-10-11,Unknown,0,
2021-10-12,0 to 9,286,
2021-10-12,10 to 19,337,
2021-10-12,20 to 29,377,
2021-10-12,30 to 39,201,
2021-10-12,40 to 49,201,
2021-10-12,50 to 59,176,
2021-10-12,60 to 69,56,
2021-10-12,70+,30,
2021-10-12,Unknown,0,
2021-10-13,0 to 9,299,
2021-10-13,10 to 19,346,
2021-10-13,20 to 29,382,
2021-10-13,30 to 39,217,
2021-10-13,40 to 49,208,
2021-10-13,50 to 59,178,
2021-10-13,60 to 69,57,
2021-10-13,70+,32,
2021-10-13,Unknown,0,
2021-10-14,0 to 9,311,7
2021-10-14,10 to 19,363,5
2021-10-14,20 to 29,397,26
2021-10-14,30 to 39,231,21
2021-10-14,40 to 49,215,41
2021-10-14,50 to 59,183,40
2021-10-14,60 to 69,57,14
2021-10-14,70+,33,16
2021-10-14,Unknown,0,0
2021-10-14,Total,1790,170
2021-10-15,0 to 9,321,7
2021-10-15,10 to 19,370,5
2021-10-15,20 to 29,406,26
2021-10-15,30 to 39,247,23
2021-10-15,40 to 49,228,42
2021-10-15,50 to 59,189,40
2021-10-15,60 to 69,60,14
2021-10-15,70+,34,16
2021-10-15,Unknown,0,0
2021-10-15,Total,1855,173
2021-10-16,0 to 9,326,7
2021-10-16,10 to 19,371,5
2021-10-16,20 to 29,419,27
2021-10-16,30 to 39,251,23
2021-10-16,40 to 49,234,42
2021-10-16,50 to 59,196,41
2021-10-16,60 to 69,63,14
2021-10-16,70+,35,16
2021-10-16,Unknown,0,0
2021-10-16,Total,1895,175
2021-10-17,0 to 9,328,7
2021-10-17,10 to 19,376,5
2021-10-17,20 to 29,431,27
2021-10-17,30 to 39,270,24
2021-10-17,40 to 49,238,43
2021-10-17,50 to 59,200,42
2021-10-17,60 to 69,67,14
2021-10-17,70+,35,16
2021-10-17,Unknown,0,0
2021-10-17,Total,1945,178
2021-10-18,0 to 9,338,7
2021-10-18,10 to 19,386,5
2021-10-18,20 to 29,443,28
2021-10-18,30 to 39,289,24
2021-10-18,40 to 49,244,43
2021-10-18,50 to 59,202,42
2021-10-18,60 to 69,68,14
2021-10-18,70+,35,16
2021-10-18,Unknown,0,0
2021-10-18,Total,2005,179
2021-10-19,0 to 9,350,7
2021-10-19,10 to 19,401,5
2021-10-19,20 to 29,457,28
2021-10-19,30 to 39,312,25
2021-10-19,40 to 49,262,43
2021-10-19,50 to 59,206,42
2021-10-19,60 to 69,73,15
2021-10-19,70+,38,16
2021-10-19,Unknown,0,0
2021-10-19,Total,2099,181
2021-10-20,0 to 9,355,7
2021-10-20,10 to 19,409,5
2021-10-20,20 to 29,468,29
2021-10-20,30 to 39,330,27
2021-10-20,40 to 49,267,44
2021-10-20,50 to 59,211,44
2021-10-20,60 to 69,79,15
2021-10-20,70+,39,17
2021-10-20,Unknown,0,0
2021-10-20,Total,2158,188
2021-10-21,0 to 9,378,7
2021-10-21,10 to 19,426,5
2021-10-21,20 to 29,486,33
2021-10-21,30 to 39,352,29
2021-10-21,40 to 49,278,44
2021-10-21,50 to 59,218,44
2021-10-21,60 to 69,82,17
2021-10-21,70+,40,17
2021-10-21,Unknown,0,0
2021-10-21,Total,2260,196
2021-10-22,0 to 9,400,7
2021-10-22,10 to 19,441,7
2021-10-22,20 to 29,515,34
2021-10-22,30 to 39,376,31
2021-10-22,40 to 49,298,47
2021-10-22,50 to 59,229,45
2021-10-22,60 to 69,85,18
2021-10-22,70+,45,18
2021-10-22,Unknown,0,0
2021-10-22,Total,2389,207
2021-10-23,0 to 9,418,7
2021-10-23,10 to 19,451,7
2021-10-23,20 to 29,539,36
2021-10-23,30 to 39,402,33
2021-10-23,40 to 49,307,47
2021-10-23,50 to 59,238,45
2021-10-23,60 to 69,91,18
2021-10-23,70+,46,18
2021-10-23,Unknown,0,0
2021-10-23,Total,2492,211
2021-10-25,0 to 9,447,8
2021-10-25,10 to 19,476,6
2021-10-25,20 to 29,574,38
2021-10-25,30 to 39,451,42
2021-10-25,40 to 49,331,49
2021-10-25,50 to 59,259,45
2021-10-25,60 to 69,95,18
2021-10-25,70+,48,18
2021-10-25,Unknown,0,0
2021-10-25,Total,2681,224
2021-10-26,0 to 9,466,8
2021-10-26,10 to 19,482,6
2021-10-26,20 to 29,589,39
2021-10-26,30 to 39,462,41
2021-10-26,40 to 49,340,49
2021-10-26,50 to 59,274,45
2021-10-26,60 to 69,98,18
2021-10-26,70+,48,18
2021-10-26,Unknown,0,0
2021-10-26,Total,2759,224
2021-10-27,0 to 9,473,8
2021-10-27,10 to 19,489,6
2021-10-27,20 to 29,603,41
2021-10-27,30 to 39,482,42
2021-10-27,40 to 49,352,52
2021-10-27,50 to 59,282,46
2021-10-27,60 to 69,101,18
2021-10-27,70+,50,18
2021-10-27,Unknown,0,0
2021-10-27,Total,2832,231
2021-10-28,0 to 9,483,9
2021-10-28,10 to 19,501,6
2021-10-28,20 to 29,626,42
2021-10-28,30 to 39,503,43
2021-10-28,40 to 49,360,53
2021-10-28,50 to 59,294,47
2021-10-28,60 to 69,103,18
2021-10-28,70+,51,18
2021-10-28,Unknown,0,0
2021-10-28,Total,2921,236
2021-10-29,0 to 9,510,10
2021-10-29,10 to 19,521,6
2021-10-29,20 to 29,642,43
2021-10-29,30 to 39,528,44
2021-10-29,40 to 49,375,53
2021-10-29,50 to 59,306,47
2021-10-29,60 to 69,109,19
2021-10-29,70+,54,19
2021-10-29,Unknown,1,0
2021-10-29,Total,3046,241
2021-10-30,0 to 9,533,11
2021-10-30,10 to 19,538,6
2021-10-30,20 to 29,677,43
2021-10-30,30 to 39,565,44
2021-10-30,40 to 49,397,55
2021-10-30,50 to 59,325,50
2021-10-30,60 to 69,113,19
2021-10-30,70+,56,19
2021-10-30,Unknown,1,0
2021-10-30,Total,3205,247
2021-10-31,0 to 9,562,11
2021-10-31,10 to 19,556,6
2021-10-31,20 to 29,705,46
2021-10-31,30 to 39,584,45
2021-10-31,40 to 49,414,57
2021-10-31,50 to 59,339,51
2021-10-31,60 to 69,120,19
2021-10-31,70+,68,20
2021-10-31,Unknown,0,0
2021-10-31,Total,3348,255
2021-11-01,0 to 9,589,12
2021-11-01,10 to 19,584,6
2021-11-01,20 to 29,736,46
2021-11-01,30 to 39,621,47
2021-11-01,40 to 49,428,57
2021-11-01,50 to 59,354,53
2021-11-01,60 to 69,128,19
2021-11-01,70+,70,20
2021-11-01,Unknown,0,0
2021-11-01,Total,3510,260
2021-11-02,0 to 9,605,12
2021-11-02,10 to 19,599,6
2021-11-02,20 to 29,759,47
2021-11-02,30 to 39,650,47
2021-11-02,40 to 49,448,58
2021-11-02,50 to 59,367,54
2021-11-02,60 to 69,134,19
2021-11-02,70+,72,20
2021-11-02,Unknown,0,0
2021-11-02,Total,3634,263
2021-11-03,0 to 9,626,13
2021-11-03,10 to 19,613,6
2021-11-03,20 to 29,778,48
2021-11-03,30 to 39,666,47
2021-11-03,40 to 49,459,60
2021-11-03,50 to 59,378,56
2021-11-03,60 to 69,139,21
2021-11-03,70+,74,21
2021-11-03,Unknown,0,0
2021-11-03,Total,3733,272
2021-11-05,0 to 9,669,13
2021-11-05,10 to 19,654,6
2021-11-05,20 to 29,838,51
2021-11-05,30 to 39,736,50
2021-11-05,40 to 49,494,63
2021-11-05,50 to 59,403,59
2021-11-05,60 to 69,160,22
2021-11-05,70+,80,21
2021-11-05,Unknown,0,0
2021-11-05,Total,4034,285
2021-11-11,0 to 9,837,15
2021-11-11,10 to 19,824,6
2021-11-11,20 to 29,1040,54
2021-11-11,30 to 39,892,56
2021-11-11,40 to 49,615,66
2021-11-11,50 to 59,497,69
2021-11-11,60 to 69,194,27
2021-11-11,70+,99,22
2021-11-11,Unknown,0,0
2021-11-11,Total,4998,315
2021-11-15,0 to 9,978,16
2021-11-15,10 to 19,974,8
2021-11-15,20 to 29,1214,61
2021-11-15,30 to 39,1010,62
2021-11-15,40 to 49,689,68
2021-11-15,50 to 59,547,72
2021-11-15,60 to 69,224,28
2021-11-15,70+,114,24
2021-11-15,Unknown,1,0
2021-11-15,Total,5751,339
2021-11-17,0 to 9,1068,20
2021-11-17,10 to 19,1046,9
2021-11-17,20 to 29,1314,66
2021-11-17,30 to 39,1068,65
2021-11-17,40 to 49,732,68
2021-11-17,50 to 59,574,74
2021-11-17,60 to 69,241,29
2021-11-17,70+,123,27
2021-11-17,Unknown,1,0
2021-11-17,Total,6167,358
2021-11-18,0 to 9,1108,20
2021-11-18,10 to 19,1080,10
2021-11-18,20 to 29,1336,68
2021-11-18,30 to 39,1099,65
2021-11-18,40 to 49,749,68
2021-11-18,50 to 59,588,76
2021-11-18,60 to 69,248,29
2021-11-18,70+,125,28
2021-11-18,Unknown,1,0
2021-11-18,Total,6334,364
2021-11-20,0 to 9,1189,22
2021-11-20,10 to 19,1137,10
2021-11-20,20 to 29,1418,69
2021-11-20,30 to 39,1171,68
2021-11-20,40 to 49,785,69
2021-11-20,50 to 59,612,76
2021-11-20,60 to 69,253,29
2021-11-20,70+,133,29
2021-11-20,Unknown,3,0
2021-11-20,Total,6701,372
2021-11-21,0 to 9,1221,23
2021-11-21,10 to 19,1169,10
2021-11-21,20 to 29,1451,70
2021-11-21,30 to 39,1197,70
2021-11-21,40 to 49,792,69
2021-11-21,50 to 59,623,77
2021-11-21,60 to 69,260,30
2021-11-21,70+,134,29
2021-11-21,Unknown,3,0
2021-11-21,Total,6850,378
2021-11-22,0 to 9,1273,25
2021-11-22,10 to 19,1201,10
2021-11-22,20 to 29,1488,71
2021-11-22,30 to 39,1230,71
2021-11-22,40 to 49,813,73
2021-11-22,50 to 59,639,77
2021-11-22,60 to 69,272,31
2021-11-22,70+,136,29
2021-11-22,Unknown,2,0
2021-11-22,Total,7054,387
2021-11-23,0 to 9,1342,27
2021-11-23,10 to 19,1237,10
2021-11-23,20 to 29,1542,71
2021-11-23,30 to 39,1257,73
2021-11-23,40 to 49,825,74
2021-11-23,50 to 59,647,79
2021-11-23,60 to 69,277,31
2021-11-23,70+,138,29
2021-11-23,Unknown,3,0
2021-11-23,Total,7268,394
2021-11-24,0 to 9,1398,27
2021-11-24,10 to 19,1264,10
2021-11-24,20 to 29,1595,73
2021-11-24,30 to 39,1297,75
2021-11-24,40 to 49,843,74
2021-11-24,50 to 59,661,81
2021-11-24,60 to 69,283,31
2021-11-24,70+,140,30
2021-11-24,Unknown,3,0
2021-11-24,Total,7484,401
2021-11-25,0 to 9,1437,27
2021-11-25,10 to 19,1296,10
2021-11-25,20 to 29,1633,75
2021-11-25,30 to 39,1324,78
2021-11-25,40 to 49,863,74
2021-11-25,50 to 59,674,83
2021-11-25,60 to 69,290,31
2021-11-25,70+,141,30
2021-11-25,Unknown,2,0
2021-11-25,Total,7660,408
2021-11-26,0 to 9,1477,28
2021-11-26,10 to 19,1328,11
2021-11-26,20 to 29,1674,75
2021-11-26,30 to 39,1353,80
2021-11-26,40 to 49,876,75
2021-11-26,50 to 59,683,85
2021-11-26,60 to 69,295,31
2021-11-26,70+,144,32
2021-11-26,Unknown,2,0
2021-11-26,Total,7832,417
2021-11-27,0 to 9,1521,28
2021-11-27,10 to 19,1348,11
2021-11-27,20 to 29,1704,75
2021-11-27,30 to 39,1381,80
2021-11-27,40 to 49,886,76
2021-11-27,50 to 59,687,86
2021-11-27,60 to 69,301,32
2021-11-27,70+,145,32
2021-11-27,Unknown,2,0
2021-11-27,Total,7975,420
2021-11-28,0 to 9,1561,29
2021-11-28,10 to 19,1370,11
2021-11-28,20 to 29,1730,78
2021-11-28,30 to 39,1404,80
2021-11-28,40 to 49,900,78
2021-11-28,50 to 59,699,90
2021-11-28,60 to 69,304,32
2021-11-28,70+,148,32
2021-11-28,Unknown,2,0
2021-11-28,Total,8118,430
2021-11-29,0 to 9,1607,33
2021-11-29,10 to 19,1406,11
2021-11-29,20 to 29,1759,81
2021-11-29,30 to 39,1432,83
2021-11-29,40 to 49,921,79
2021-11-29,50 to 59,714,91
2021-11-29,60 to 69,308,32
2021-11-29,70+,150,32
2021-11-29,Unknown,1,0
2021-11-29,Total,8298,442
2021-11-30,0 to 9,1643,33
2021-11-30,10 to 19,1428,11
2021-11-30,20 to 29,1786,81
2021-11-30,30 to 39,1451,83
2021-11-30,40 to 49,933,81
2021-11-30,50 to 59,723,91
2021-11-30,60 to 69,312,32
2021-11-30,70+,153,33
2021-11-30,Unknown,2,0
2021-11-30,Total,8431,445
2021-12-01,0 to 9,1680,34
2021-12-01,10 to 19,1455,11
2021-12-01,20 to 29,1813,81
2021-12-01,30 to 39,1475,84
2021-12-01,40 to 49,944,81
2021-12-01,50 to 59,730,91
2021-12-01,60 to 69,319,32
2021-12-01,70+,156,34
2021-12-01,Unknown,2,0
2021-12-01,Total,8574,448
2021-12-02,0 to 9,1714,36
2021-12-02,10 to 19,1499,11
2021-12-02,20 to 29,1851,82
2021-12-02,30 to 39,1500,87
2021-12-02,40 to 49,957,82
2021-12-02,50 to 59,739,93
2021-12-02,60 to 69,322,32
2021-12-02,70+,161,34
2021-12-02,Unknown,2,0
2021-12-02,Total,8745,457
2021-12-03,0 to 9,1723,36
2021-12-03,10 to 19,1516,11
2021-12-03,20 to 29,1875,83
2021-12-03,30 to 39,1519,87
2021-12-03,40 to 49,966,83
2021-12-03,50 to 59,745,94
2021-12-03,60 to 69,329,32
2021-12-03,70+,161,34
2021-12-03,Unknown,2,0
2021-12-03,Total,8836,460
2021-12-04,0 to 9,1742,35
2021-12-04,10 to 19,1532,11
2021-12-04,20 to 29,1902,83
2021-12-04,30 to 39,1528,88
2021-12-04,40 to 49,974,83
2021-12-04,50 to 59,755,95
2021-12-04,60 to 69,332,32
2021-12-04,70+,164,34
2021-12-04,Unknown,2,0
2021-12-04,Total,8931,461
2021-12-05,0 to 9,1763,35
2021-12-05,10 to 19,1556,11
2021-12-05,20 to 29,1924,83
2021-12-05,30 to 39,1548,91
2021-12-05,40 to 49,983,83
2021-12-05,50 to 59,760,95
2021-12-05,60 to 69,335,33
2021-12-05,70+,166,34
2021-12-05,Unknown,2,0
2021-12-05,Total,9037,465
2021-12-06,0 to 9,1790,35
2021-12-06,10 to 19,1576,11
2021-12-06,20 to 29,1954,84
2021-12-06,30 to 39,1578,92
2021-12-06,40 to 49,995,86
2021-12-06,50 to 59,768,97
2021-12-06,60 to 69,340,35
2021-12-06,70+,168,35
2021-12-06,Unknown,2,0
2021-12-06,Total,9171,475
2021-12-07,0 to 9,1822,35
2021-12-07,10 to 19,1594,13
2021-12-07,20 to 29,1968,85
2021-12-07,30 to 39,1591,93
2021-12-07,40 to 49,1006,88
2021-12-07,50 to 59,775,98
2021-12-07,60 to 69,341,35
2021-12-07,70+,168,35
2021-12-07,Unknown,2,0
2021-12-07,Total,9267,482
2021-12-08,0 to 9,1838,35
2021-12-08,10 to 19,1607,13
2021-12-08,20 to 29,1989,85
2021-12-08,30 to 39,1605,94
2021-12-08,40 to 49,1015,89
2021-12-08,50 to 59,784,100
2021-12-08,60 to 69,344,35
2021-12-08,70+,170,36
2021-12-08,Unknown,2,0
2021-12-08,Total,9354,487
2021-12-09,0 to 9,1854,35
2021-12-09,10 to 19,1622,13
2021-12-09,20 to 29,2007,85
2021-12-09,30 to 39,1627,95
2021-12-09,40 to 49,1027,89
2021-12-09,50 to 59,793,100
2021-12-09,60 to 69,352,36
2021-12-09,70+,173,36
2021-12-09,Unknown,2,0
2021-12-09,Total,9457,489
2021-12-10,0 to 9,1872,35
2021-12-10,10 to 19,1635,13
2021-12-10,20 to 29,2030,85
2021-12-10,30 to 39,1645,96
2021-12-10,40 to 49,1035,89
2021-12-10,50 to 59,800,100
2021-12-10,60 to 69,354,36
2021-12-10,70+,179,36
2021-12-10,Unknown,2,0
2021-12-10,Total,9552,490
2021-12-11,0 to 9,1888,35
2021-12-11,10 to 19,1642,13
2021-12-11,20 to 29,2044,85
2021-12-11,30 to 39,1655,96
2021-12-11,40 to 49,1038,89
2021-12-11,50 to 59,807,100
2021-12-11,60 to 69,357,36
2021-12-11,70+,180,37
2021-12-11,Unknown,2,0
2021-12-11,Total,9613,491
2021-12-12,0 to 9,1913,35
2021-12-12,10 to 19,1662,13
2021-12-12,20 to 29,2053,85
2021-12-12,30 to 39,1680,96
2021-12-12,40 to 49,1046,89
2021-12-12,50 to 59,815,100
2021-12-12,60 to 69,360,37
2021-12-12,70+,183,37
2021-12-12,Unknown,2,0
2021-12-12,Total,9714,492
2021-12-13,0 to 9,1943,35
2021-12-13,10 to 19,1679,14
2021-12-13,20 to 29,2073,85
2021-12-13,30 to 39,1697,97
2021-12-13,40 to 49,1051,90
2021-12-13,50 to 59,821,100
2021-12-13,60 to 69,364,37
2021-12-13,70+,184,37
2021-12-13,Unknown,2,0
2021-12-13,Total,9814,495
2021-12-14,0 to 9,1966,35
2021-12-14,10 to 19,1693,14
2021-12-14,20 to 29,2085,86
2021-12-14,30 to 39,1709,98
2021-12-14,40 to 49,1058,90
2021-12-14,50 to 59,825,101
2021-12-14,60 to 69,367,37
2021-12-14,70+,184,37
2021-12-14,Unknown,3,0
2021-12-14,Total,9890,498
2021-12-15,0 to 9,1980,35
2021-12-15,10 to 19,1708,16
2021-12-15,20 to 29,2103,89
2021-12-15,30 to 39,1717,101
2021-12-15,40 to 49,1068,90
2021-12-15,50 to 59,832,102
2021-12-15,60 to 69,367,37
2021-12-15,70+,186,38
2021-12-15,Unknown,2,0
2021-12-15,Total,9963,508
2021-12-16,0 to 9,1998,36
2021-12-16,10 to 19,1723,16
2021-12-16,20 to 29,2117,90
2021-12-16,30 to 39,1729,101
2021-12-16,40 to 49,1076,91
2021-12-16,50 to 59,839,103
2021-12-16,60 to 69,373,38
2021-12-16,70+,186,41
2021-12-16,Unknown,13,0
2021-12-16,Total,10054,516
2021-12-17,0 to 9,2016,38
2021-12-17,10 to 19,1739,16
2021-12-17,20 to 29,2140,90
2021-12-17,30 to 39,1742,101
2021-12-17,40 to 49,1082,92
2021-12-17,50 to 59,843,103
2021-12-17,60 to 69,375,38
2021-12-17,70+,187,41
2021-12-17,Unknown,5,0
2021-12-17,Total,10129,519
2021-12-18,0 to 9,2022,38
2021-12-18,10 to 19,1748,16
2021-12-18,20 to 29,2148,90
2021-12-18,30 to 39,1743,102
2021-12-18,40 to 49,1087,92
2021-12-18,50 to 59,849,103
2021-12-18,60 to 69,378,38
2021-12-18,70+,188,41
2021-12-18,Unknown,5,0
2021-12-18,Total,10168,520
2021-12-18,0 to 9,2029,38
2021-12-18,10 to 19,1755,16
2021-12-18,20 to 29,2156,90
2021-12-18,30 to 39,1753,102
2021-12-18,40 to 49,1096,93
2021-12-18,50 to 59,857,103
2021-12-18,60 to 69,380,38
2021-12-18,70+,189,41
2021-12-18,Unknown,5,0
2021-12-18,Total,10220,521
2021-12-19,0 to 9,2029,38
2021-12-19,10 to 19,1755,16
2021-12-19,20 to 29,2156,90
2021-12-19,30 to 39,1753,102
2021-12-19,40 to 49,1096,93
2021-12-19,50 to 59,857,103
2021-12-19,60 to 69,380,38
2021-12-19,70+,189,41
2021-12-19,Unknown,5,0
2021-12-19,Total,10220,521
2021-12-19,0 to 9,2044,38
2021-12-19,10 to 19,1765,18
2021-12-19,20 to 29,2169,90
2021-12-19,30 to 39,1760,102
2021-12-19,40 to 49,1107,94
2021-12-19,50 to 59,864,103
2021-12-19,60 to 69,383,38
2021-12-19,70+,192,42
2021-12-19,Unknown,5,0
2021-12-19,Total,10289,525
2021-12-20,0 to 9,2052,38
2021-12-20,10 to 19,1776,18
2021-12-20,20 to 29,2174,91
2021-12-20,30 to 39,1763,103
2021-12-20,40 to 49,1111,94
2021-12-20,50 to 59,865,103
2021-12-20,60 to 69,384,41
2021-12-20,70+,192,42
2021-12-20,Unknown,3,1
2021-12-20,Total,10320,531
2021-12-21,0 to 9,2064,38
2021-12-21,10 to 19,1782,18
2021-12-21,20 to 29,2189,91
2021-12-21,30 to 39,1769,104
2021-12-21,40 to 49,1117,95
2021-12-21,50 to 59,871,104
2021-12-21,60 to 69,386,41
2021-12-21,70+,194,42
2021-12-21,Unknown,3,1
2021-12-21,Total,10375,534
2021-12-22,0 to 9,2078,40
2021-12-22,10 to 19,1789,18
2021-12-22,20 to 29,2201,94
2021-12-22,30 to 39,1782,105
2021-12-22,40 to 49,1119,96
2021-12-22,50 to 59,875,105
2021-12-22,60 to 69,389,42
2021-12-22,70+,195,42
2021-12-22,Unknown,2,0
2021-12-22,Total,10430,542
2021-12-23,0 to 9,2094,40
2021-12-23,10 to 19,1796,18
2021-12-23,20 to 29,2212,95
2021-12-23,30 to 39,1795,105
2021-12-23,40 to 49,1127,96
2021-12-23,50 to 59,880,106
2021-12-23,60 to 69,389,42
2021-12-23,70+,195,42
2021-12-23,Unknown,3,0
2021-12-23,Total,10491,544
2021-12-25,0 to 9,2129,42
2021-12-25,10 to 19,1818,18
2021-12-25,20 to 29,2231,97
2021-12-25,30 to 39,1807,109
2021-12-25,40 to 49,1138,97
2021-12-25,50 to 59,893,107
2021-12-25,60 to 69,398,42
2021-12-25,70+,200,42
2021-12-25,Unknown,3,0
2021-12-25,Total,10617,554
2021-12-26,0 to 9,2134,42
2021-12-26,10 to 19,1823,18
2021-12-26,20 to 29,2236,98
2021-12-26,30 to 39,1811,111
2021-12-26,40 to 49,1144,98
2021-12-26,50 to 59,899,108
2021-12-26,60 to 69,401,42
2021-12-26,70+,200,42
2021-12-26,Unknown,3,0
2021-12-26,Total,10651,559
2021-12-27,0 to 9,2136,42
2021-12-27,10 to 19,1827,18
2021-12-27,20 to 29,2238,98
2021-12-27,30 to 39,1814,111
2021-12-27,40 to 49,1147,99
2021-12-27,50 to 59,900,107
2021-12-27,60 to 69,402,42
2021-12-27,70+,201,42
2021-12-27,Unknown,3,0
2021-12-27,Total,10668,559
2021-12-28,0 to 9,2152,42
2021-12-28,10 to 19,1831,18
2021-12-28,20 to 29,2249,99
2021-12-28,30 to 39,1824,111
2021-12-28,40 to 49,1149,99
2021-12-28,50 to 59,902,107
2021-12-28,60 to 69,405,41
2021-12-28,70+,201,43
2021-12-28,Unknown,3,0
2021-12-28,Total,10716,560
2021-12-29,0 to 9,2175,43
2021-12-29,10 to 19,1841,18
2021-12-29,20 to 29,2255,100
2021-12-29,30 to 39,1827,112
2021-12-29,40 to 49,1155,100
2021-12-29,50 to 59,905,107
2021-12-29,60 to 69,407,42
2021-12-29,70+,207,42
2021-12-29,Unknown,4,0
2021-12-29,Total,10776,564
2021-12-30,0 to 9,2183,43
2021-12-30,10 to 19,1852,18
2021-12-30,20 to 29,2265,101
2021-12-30,30 to 39,1833,113
2021-12-30,40 to 49,1160,100
2021-12-30,50 to 59,909,108
2021-12-30,60 to 69,407,43
2021-12-30,70+,212,43
2021-12-30,Unknown,4,0
2021-12-30,Total,10825,569
2022-01-01,0 to 9,2215,43
2022-01-01,10 to 19,1866,18
2022-01-01,20 to 29,2276,102
2022-01-01,30 to 39,1847,114
2022-01-01,40 to 49,1170,101
2022-01-01,50 to 59,921,109
2022-01-01,60 to 69,410,43
2022-01-01,70+,220,43
2022-01-01,Unknown,3,0
2022-01-01,Total,10928,573
2022-01-02,0 to 9,2220,43
2022-01-02,10 to 19,1867,18
2022-01-02,20 to 29,2280,102
2022-01-02,30 to 39,1851,115
2022-01-02,40 to 49,1174,101
2022-01-02,50 to 59,926,109
2022-01-02,60 to 69,410,43
2022-01-02,70+,224,44
2022-01-02,Unknown,3,0
2022-01-02,Total,10955,575
2022-01-03,0 to 9,2227,43
2022-01-03,10 to 19,1871,19
2022-01-03,20 to 29,2284,103
2022-01-03,30 to 39,1853,116
2022-01-03,40 to 49,1181,102
2022-01-03,50 to 59,931,108
2022-01-03,60 to 69,412,43
2022-01-03,70+,224,44
2022-01-03,Unknown,3,0
2022-01-03,Total,10986,578
2022-01-04,0 to 9,2231,43
2022-01-04,10 to 19,1873,19
2022-01-04,20 to 29,2287,103
2022-01-04,30 to 39,1856,116
2022-01-04,40 to 49,1185,102
2022-01-04,50 to 59,931,110
2022-01-04,60 to 69,412,43
2022-01-04,70+,225,44
2022-01-04,Unknown,3,0
2022-01-04,Total,11003,580
2022-01-05,0 to 9,2234,43
2022-01-05,10 to 19,1876,19
2022-01-05,20 to 29,2290,103
2022-01-05,30 to 39,1863,116
2022-01-05,40 to 49,1186,102
2022-01-05,50 to 59,933,112
2022-01-05,60 to 69,412,43
2022-01-05,70+,225,44
2022-01-05,Unknown,3,0
2022-01-05,Total,11022,582
2022-01-06,0 to 9,2242,44
2022-01-06,10 to 19,1881,20
2022-01-06,20 to 29,2299,104
2022-01-06,30 to 39,1870,116
2022-01-06,40 to 49,1188,104
2022-01-06,50 to 59,934,112
2022-01-06,60 to 69,413,44
2022-01-06,70+,227,44
2022-01-06,Unknown,3,0
2022-01-06,Total,11057,588
2022-01-08,0 to 9,2259,44
2022-01-08,10 to 19,1892,20
2022-01-08,20 to 29,2319,104
2022-01-08,30 to 39,1885,116
2022-01-08,40 to 49,1200,104
2022-01-08,50 to 59,939,112
2022-01-08,60 to 69,417,44
2022-01-08,70+,228,44
2022-01-08,Unknown,3,0
2022-01-08,Total,11142,588
2022-01-09,0 to 9,2266,44
2022-01-09,10 to 19,1895,20
2022-01-09,20 to 29,2325,104
2022-01-09,30 to 39,1889,116
2022-01-09,40 to 49,1202,105
2022-01-09,50 to 59,940,112
2022-01-09,60 to 69,421,44
2022-01-09,70+,228,44
2022-01-09,Unknown,3,0
2022-01-09,Total,11169,589
2022-01-10,0 to 9,2267,44
2022-01-10,10 to 19,1896,20
2022-01-10,20 to 29,2329,104
2022-01-10,30 to 39,1892,116
2022-01-10,40 to 49,1203,107
2022-01-10,50 to 59,941,112
2022-01-10,60 to 69,421,44
2022-01-10,70+,231,44
2022-01-10,Unknown,3,0
2022-01-10,Total,11183,591
2022-01-11,0 to 9,2273,44
2022-01-11,10 to 19,1899,20
2022-01-11,20 to 29,2335,105
2022-01-11,30 to 39,1896,117
2022-01-11,40 to 49,1207,107
2022-01-11,50 to 59,941,112
2022-01-11,60 to 69,424,45
2022-01-11,70+,232,44
2022-01-11,Unknown,3,0
2022-01-11,Total,11210,594
2022-01-12,0 to 9,2276,44
2022-01-12,10 to 19,1903,20
2022-01-12,20 to 29,2340,105
2022-01-12,30 to 39,1901,117
2022-01-12,40 to 49,1210,107
2022-01-12,50 to 59,944,112
2022-01-12,60 to 69,426,45
2022-01-12,70+,232,44
2022-01-12,Unknown,4,0
2022-01-12,Total,11236,594
2022-01-13,0 to 9,2279,44
2022-01-13,10 to 19,1906,20
2022-01-13,20 to 29,2341,106
2022-01-13,30 to 39,1907,118
2022-01-13,40 to 49,1213,108
2022-01-13,50 to 59,945,112
2022-01-13,60 to 69,428,46
2022-01-13,70+,232,44
2022-01-13,Unknown,3,0
2022-01-13,Total,11254,598
2022-01-14,0 to 9,2281,44
2022-01-14,10 to 19,1915,20
2022-01-14,20 to 29,2352,106
2022-01-14,30 to 39,1909,118
2022-01-14,40 to 49,1213,108
2022-01-14,50 to 59,947,113
2022-01-14,60 to 69,429,46
2022-01-14,70+,232,44
2022-01-14,Unknown,3,0
2022-01-14,Total,11281,599
2022-01-15,0 to 9,2287,44
2022-01-15,10 to 19,1918,20
2022-01-15,20 to 29,2355,105
2022-01-15,30 to 39,1913,118
2022-01-15,40 to 49,1218,109
2022-01-15,50 to 59,950,113
2022-01-15,60 to 69,430,46
2022-01-15,70+,232,44
2022-01-15,Unknown,3,0
2022-01-15,Total,11306,599
2022-01-16,0 to 9,2290,44
2022-01-16,10 to 19,1920,20
2022-01-16,20 to 29,2358,105
2022-01-16,30 to 39,1917,118
2022-01-16,40 to 49,1220,109
2022-01-16,50 to 59,952,114
2022-01-16,60 to 69,430,46
2022-01-16,70+,232,44
2022-01-16,Unknown,3,0
2022-01-16,Total,11322,600
2022-01-17,0 to 9,2294,44
2022-01-17,10 to 19,1922,20
2022-01-17,20 to 29,2361,106
2022-01-17,30 to 39,1918,119
2022-01-17,40 to 49,1221,109
2022-01-17,50 to 59,953,114
2022-01-17,60 to 69,432,47
2022-01-17,70+,233,44
2022-01-17,Unknown,3,0
2022-01-17,Total,11337,603
2022-01-18,0 to 9,2298,44
2022-01-18,10 to 19,1926,20
2022-01-18,20 to 29,2368,106
2022-01-18,30 to 39,1919,120
2022-01-18,40 to 49,1227,109
2022-01-18,50 to 59,953,114
2022-01-18,60 to 69,432,47
2022-01-18,70+,235,45
2022-01-18,Unknown,2,0
2022-01-18,Total,11360,605
2022-01-19,0 to 9,2302,44
2022-01-19,10 to 19,1931,20
2022-01-19,20 to 29,2377,106
2022-01-19,30 to 39,1924,121
2022-01-19,40 to 49,1235,110
2022-01-19,50 to 59,957,114
2022-01-19,60 to 69,435,49
2022-01-19,70+,236,46
2022-01-19,Unknown,2,0
2022-01-19,Total,11399,610
2022-01-20,0 to 9,2307,44
2022-01-20,10 to 19,1935,20
2022-01-20,20 to 29,2381,106
2022-01-20,30 to 39,1930,121
2022-01-20,40 to 49,1237,110
2022-01-20,50 to 59,958,114
2022-01-20,60 to 69,436,49
2022-01-20,70+,236,46
2022-01-20,Unknown,3,0
2022-01-20,Total,11423,610
2022-01-21,0 to 9,2313,44
2022-01-21,10 to 19,1947,20
2022-01-21,20 to 29,2386,106
2022-01-21,30 to 39,1937,122
2022-01-21,40 to 49,1242,110
2022-01-21,50 to 59,963,114
2022-01-21,60 to 69,438,49
2022-01-21,70+,238,47
2022-01-21,Unknown,2,0
2022-01-21,Total,11466,612
2022-01-22,0 to 9,2314,44
2022-01-22,10 to 19,1950,20
2022-01-22,20 to 29,2393,106
2022-01-22,30 to 39,1939,122
2022-01-22,40 to 49,1244,110
2022-01-22,50 to 59,968,114
2022-01-22,60 to 69,441,49
2022-01-22,70+,239,47
2022-01-22,Unknown,2,0
2022-01-22,Total,11490,612
2022-01-23,0 to 9,2319,44
2022-01-23,10 to 19,1951,20
2022-01-23,20 to 29,2398,106
2022-01-23,30 to 39,1944,122
2022-01-23,40 to 49,1248,110
2022-01-23,50 to 59,971,114
2022-01-23,60 to 69,442,49
2022-01-23,70+,240,47
2022-01-23,Unknown,2,0
2022-01-23,Total,11515,612
2022-01-24,0 to 9,2324,44
2022-01-24,10 to 19,1953,20
2022-01-24,20 to 29,2406,108
2022-01-24,30 to 39,1946,122
2022-01-24,40 to 49,1254,110
2022-01-24,50 to 59,972,114
2022-01-24,60 to 69,443,50
2022-01-24,70+,240,47
2022-01-24,Unknown,3,0
2022-01-24,Total,11541,615
2022-01-25,0 to 9,2324,45
2022-01-25,10 to 19,1957,20
2022-01-25,20 to 29,2413,109
2022-01-25,30 to 39,1951,122
2022-01-25,40 to 49,1256,110
2022-01-25,50 to 59,977,114
2022-01-25,60 to 69,443,50
2022-01-25,70+,241,47
2022-01-25,Unknown,2,0
2022-01-25,Total,11564,617
2022-01-26,0 to 9,2333,45
2022-01-26,10 to 19,1967,20
2022-01-26,20 to 29,2417,109
2022-01-26,30 to 39,1957,122
2022-01-26,40 to 49,1263,110
2022-01-26,50 to 59,982,114
2022-01-26,60 to 69,447,50
2022-01-26,70+,242,47
2022-01-26,Unknown,2,0
2022-01-26,Total,11610,617
2022-01-27,0 to 9,2345,44
2022-01-27,10 to 19,1990,20
2022-01-27,20 to 29,2437,109
2022-01-27,30 to 39,1976,122
2022-01-27,40 to 49,1276,110
2022-01-27,50 to 59,993,114
2022-01-27,60 to 69,450,50
2022-01-27,70+,244,47
2022-01-27,Unknown,2,0
2022-01-27,Total,11713,616
2022-01-28,0 to 9,2348,44
2022-01-28,10 to 19,2012,20
2022-01-28,20 to 29,2459,109
2022-01-28,30 to 39,1994,123
2022-01-28,40 to 49,1284,110
2022-01-28,50 to 59,1007,115
2022-01-28,60 to 69,458,50
2022-01-28,70+,245,47
2022-01-28,Unknown,4,0
2022-01-28,Total,11811,618
2022-01-29,0 to 9,2364,44
2022-01-29,10 to 19,2027,20
2022-01-29,20 to 29,2477,109
2022-01-29,30 to 39,2010,123
2022-01-29,40 to 49,1299,110
2022-01-29,50 to 59,1020,115
2022-01-29,60 to 69,463,50
2022-01-29,70+,248,47
2022-01-29,Unknown,6,0
2022-01-29,Total,11914,618
2022-01-30,0 to 9,2374,44
2022-01-30,10 to 19,2046,20
2022-01-30,20 to 29,2495,109
2022-01-30,30 to 39,2022,123
2022-01-30,40 to 49,1312,110
2022-01-30,50 to 59,1030,115
2022-01-30,60 to 69,467,50
2022-01-30,70+,252,48
2022-01-30,Unknown,7,0
2022-01-30,Total,12005,619
2022-01-31,0 to 9,2388,45
2022-01-31,10 to 19,2078,20
2022-01-31,20 to 29,2518,109
2022-01-31,30 to 39,2044,124
2022-01-31,40 to 49,1323,110
2022-01-31,50 to 59,1040,115
2022-01-31,60 to 69,474,50
2022-01-31,70+,258,48
2022-01-31,Unknown,8,0
2022-01-31,Total,12131,621
2022-02-01,0 to 9,2403,45
2022-02-01,10 to 19,2111,20
2022-02-01,20 to 29,2547,109
2022-02-01,30 to 39,2067,124
2022-02-01,40 to 49,1342,110
2022-02-01,50 to 59,1053,115
2022-02-01,60 to 69,486,50
2022-02-01,70+,259,48
2022-02-01,Unknown,6,0
2022-02-01,Total,12274,621
2022-02-02,0 to 9,2422,45
2022-02-02,10 to 19,2148,20
2022-02-02,20 to 29,2578,110
2022-02-02,30 to 39,2083,124
2022-02-02,40 to 49,1367,111
2022-02-02,50 to 59,1065,116
2022-02-02,60 to 69,492,50
2022-02-02,70+,262,48
2022-02-02,Unknown,4,0
2022-02-02,Total,12421,624
2022-02-03,0 to 9,2444,45
2022-02-03,10 to 19,2198,21
2022-02-03,20 to 29,2615,110
2022-02-03,30 to 39,2119,124
2022-02-03,40 to 49,1393,111
2022-02-03,50 to 59,1092,116
2022-02-03,60 to 69,498,50
2022-02-03,70+,266,48
2022-02-03,Unknown,5,0
2022-02-03,Total,12630,625
2022-02-04,0 to 9,2471,46
2022-02-04,10 to 19,2244,22
2022-02-04,20 to 29,2661,110
2022-02-04,30 to 39,2169,124
2022-02-04,40 to 49,1426,112
2022-02-04,50 to 59,1114,116
2022-02-04,60 to 69,507,50
2022-02-04,70+,273,48
2022-02-04,Unknown,5,0
2022-02-04,Total,12870,628
2022-02-05,0 to 9,2498,47
2022-02-05,10 to 19,2276,22
2022-02-05,20 to 29,2709,110
2022-02-05,30 to 39,2213,124
2022-02-05,40 to 49,1456,113
2022-02-05,50 to 59,1131,117
2022-02-05,60 to 69,511,50
2022-02-05,70+,277,48
2022-02-05,Unknown,7,0
2022-02-05,Total,13078,631
2022-02-06,0 to 9,2522,47
2022-02-06,10 to 19,2314,22
2022-02-06,20 to 29,2748,110
2022-02-06,30 to 39,2245,125
2022-02-06,40 to 49,1478,114
2022-02-06,50 to 59,1153,117
2022-02-06,60 to 69,515,50
2022-02-06,70+,283,48
2022-02-06,Unknown,8,0
2022-02-06,Total,13266,633
2022-02-07,0 to 9,2553,47
2022-02-07,10 to 19,2344,22
2022-02-07,20 to 29,2799,110
2022-02-07,30 to 39,2274,125
2022-02-07,40 to 49,1502,114
2022-02-07,50 to 59,1171,117
2022-02-07,60 to 69,529,50
2022-02-07,70+,290,49
2022-02-07,Unknown,6,0
2022-02-07,Total,13468,634
2022-02-08,0 to 9,2585,47
2022-02-08,10 to 19,2378,22
2022-02-08,20 to 29,2844,110
2022-02-08,30 to 39,2307,126
2022-02-08,40 to 49,1526,115
2022-02-08,50 to 59,1190,117
2022-02-08,60 to 69,539,50
2022-02-08,70+,296,49
2022-02-08,Unknown,6,0
2022-02-08,Total,13671,636
2022-02-09,0 to 9,2619,47
2022-02-09,10 to 19,2415,22
2022-02-09,20 to 29,2920,112
2022-02-09,30 to 39,2365,126
2022-02-09,40 to 49,1576,116
2022-02-09,50 to 59,1224,118
2022-02-09,60 to 69,550,50
2022-02-09,70+,301,49
2022-02-09,Unknown,7,0
2022-02-09,Total,13977,640
2022-02-10,0 to 9,2684,49
2022-02-10,10 to 19,2494,23
2022-02-10,20 to 29,3015,112
2022-02-10,30 to 39,2449,127
2022-02-10,40 to 49,1625,116
2022-02-10,50 to 59,1268,118
2022-02-10,60 to 69,569,51
2022-02-10,70+,310,49
2022-02-10,Unknown,7,0
2022-02-10,Total,14421,645
2022-02-11,0 to 9,2746,49
2022-02-11,10 to 19,2557,25
2022-02-11,20 to 29,3122,112
2022-02-11,30 to 39,2549,127
2022-02-11,40 to 49,1689,117
2022-02-11,50 to 59,1306,118
2022-02-11,60 to 69,582,51
2022-02-11,70+,315,50
2022-02-11,Unknown,8,0
2022-02-11,Total,14874,649
2022-02-13,0 to 9,2931,51
2022-02-13,10 to 19,2890,27
2022-02-13,20 to 29,3554,113
2022-02-13,30 to 39,2849,129
2022-02-13,40 to 49,1907,117
2022-02-13,50 to 59,1457,120
2022-02-13,60 to 69,661,51
2022-02-13,70+,366,53
2022-02-13,Unknown,0,0
2022-02-13,Total,16615,661
2022-02-14,0 to 9,3040,51
2022-02-14,10 to 19,3009,27
2022-02-14,20 to 29,3743,113
2022-02-14,30 to 39,2981,130
2022-02-14,40 to 49,1990,118
2022-02-14,50 to 59,1521,120
2022-02-14,60 to 69,693,51
2022-02-14,70+,377,54
2022-02-14,Unknown,0,0
2022-02-14,Total,17354,664
2022-02-15,0 to 9,3180,52
2022-02-15,10 to 19,3246,28
2022-02-15,20 to 29,4013,113
2022-02-15,30 to 39,3215,130
2022-02-15,40 to 49,2119,119
2022-02-15,50 to 59,1607,120
2022-02-15,60 to 69,729,51
2022-02-15,70+,399,55
2022-02-15,Unknown,0,0
2022-02-15,Total,18508,668
2022-02-16,0 to 9,3367,52
2022-02-16,10 to 19,3569,28
2022-02-16,20 to 29,4402,113
2022-02-16,30 to 39,3497,131
2022-02-16,40 to 49,2284,120
2022-02-16,50 to 59,1728,120
2022-02-16,60 to 69,782,51
2022-02-16,70+,418,57
2022-02-16,Unknown,0,0
2022-02-16,Total,20047,672
2022-02-17,0 to 9,3616,54
2022-02-17,10 to 19,3941,28
2022-02-17,20 to 29,4924,114
2022-02-17,30 to 39,3809,132
2022-02-17,40 to 49,2488,123
2022-02-17,50 to 59,1886,121
2022-02-17,60 to 69,843,51
2022-02-17,70+,437,60
2022-02-17,Unknown,0,0
2022-02-17,Total,21944,683
2022-02-18,0 to 9,3759,54
2022-02-18,10 to 19,4318,28
2022-02-18,20 to 29,5457,114
2022-02-18,30 to 39,4136,132
2022-02-18,40 to 49,2681,123
2022-02-18,50 to 59,2009,121
2022-02-18,60 to 69,917,51
2022-02-18,70+,471,60
2022-02-18,Unknown,0,0
2022-02-18,Total,23748,683
2022-02-19,0 to 9,4059,57
2022-02-19,10 to 19,4906,31
2022-02-19,20 to 29,6022,114
2022-02-19,30 to 39,4500,134
2022-02-19,40 to 49,2906,123
2022-02-19,50 to 59,2164,123
2022-02-19,60 to 69,984,51
2022-02-19,70+,520,60
2022-02-19,Unknown,0,0
2022-02-19,Total,26061,693
2022-02-20,0 to 9,4292,57
2022-02-20,10 to 19,5473,31
2022-02-20,20 to 29,6590,118
2022-02-20,30 to 39,4833,135
2022-02-20,40 to 49,3135,123
2022-02-20,50 to 59,2318,123
2022-02-20,60 to 69,1067,51
2022-02-20,70+,570,60
2022-02-20,Unknown,0,0
2022-02-20,Total,28278,698
2022-02-21,0 to 9,4568,58
2022-02-21,10 to 19,6254,33
2022-02-21,20 to 29,7327,122
2022-02-21,30 to 39,5304,140
2022-02-21,40 to 49,3416,125
2022-02-21,50 to 59,2485,123
2022-02-21,60 to 69,1141,54
2022-02-21,70+,613,60
2022-02-21,Unknown,0,0
2022-02-21,Total,31108,715
2022-02-22,0 to 9,4872,68
2022-02-22,10 to 19,7247,49
2022-02-22,20 to 29,8127,165
2022-02-22,30 to 39,5712,178
2022-02-22,40 to 49,3715,149
2022-02-22,50 to 59,2695,156
2022-02-22,60 to 69,1243,75
2022-02-22,70+,675,115
2022-02-22,Unknown,0,0
2022-02-22,Total,34286,955
2022-02-23,0 to 9,5196,77
2022-02-23,10 to 19,8593,53
2022-02-23,20 to 29,10182,172
2022-02-23,30 to 39,6885,189
2022-02-23,40 to 49,4347,154
2022-02-23,50 to 59,3050,160
2022-02-23,60 to 69,1407,80
2022-02-23,70+,746,124
2022-02-23,Unknown,0,0
2022-02-23,Total,40406,1009
2022-02-24,0 to 9,5995,81
2022-02-24,10 to 19,11136,57
2022-02-24,20 to 29,13918,184
2022-02-24,30 to 39,9113,198
2022-02-24,40 to 49,5686,158
2022-02-24,50 to 59,3878,177
2022-02-24,60 to 69,1754,84
2022-02-24,70+,921,134
2022-02-24,Unknown,0,0
2022-02-24,Total,52401,1073
2022-02-25,0 to 9,7157,82
2022-02-25,10 to 19,14192,60
2022-02-25,20 to 29,17577,189
2022-02-25,30 to 39,11539,206
2022-02-25,40 to 49,7284,162
2022-02-25,50 to 59,4912,180
2022-02-25,60 to 69,2203,89
2022-02-25,70+,1152,136
2022-02-25,Unknown,0,0
2022-02-25,Total,66016,1104
2022-02-26,0 to 9,8660,84
2022-02-26,10 to 19,18305,63
2022-02-26,20 to 29,21154,192
2022-02-26,30 to 39,13958,215
2022-02-26,40 to 49,8909,170
2022-02-26,50 to 59,5936,181
2022-02-26,60 to 69,2666,97
2022-02-26,70+,1393,155
2022-02-26,Unknown,0,0
2022-02-26,Total,80981,1157
2022-02-27,0 to 9,10032,88
2022-02-27,10 to 19,21777,64
2022-02-27,20 to 29,24768,203
2022-02-27,30 to 39,16618,225
2022-02-27,40 to 49,10714,180
2022-02-27,50 to 59,6965,187
2022-02-27,60 to 69,3163,101
2022-02-27,70+,1614,171
2022-02-27,Unknown,0,0
2022-02-27,Total,95651,1219
2022-02-28,0 to 9,11720,90
2022-02-28,10 to 19,25781,68
2022-02-28,20 to 29,29150,212
2022-02-28,30 to 39,19781,236
2022-02-28,40 to 49,12995,181
2022-02-28,50 to 59,8509,194
2022-02-28,60 to 69,3832,110
2022-02-28,70+,1882,183
2022-02-28,Unknown,0,0
2022-02-28,Total,113650,1274
2022-03-01,0 to 9,14139,92
2022-03-01,10 to 19,30740,69
2022-03-01,20 to 29,35401,224
2022-03-01,30 to 39,24099,250
2022-03-01,40 to 49,15852,186
2022-03-01,50 to 59,10399,200
2022-03-01,60 to 69,4773,113
2022-03-01,70+,2343,188
2022-03-01,Unknown,0,0
2022-03-01,Total,137746,1322
2022-03-02,0 to 9,16250,103
2022-03-02,10 to 19,35333,82
2022-03-02,20 to 29,41584,241
2022-03-02,30 to 39,28315,264
2022-03-02,40 to 49,18747,197
2022-03-02,50 to 59,12313,206
2022-03-02,60 to 69,5637,126
2022-03-02,70+,2738,208
2022-03-02,Unknown,0,0
2022-03-02,Total,160917,1427
2022-03-03,0 to 9,18512,111
2022-03-03,10 to 19,39669,85
2022-03-03,20 to 29,47234,258
2022-03-03,30 to 39,32522,285
2022-03-03,40 to 49,21576,206
2022-03-03,50 to 59,14191,217
2022-03-03,60 to 69,6582,139
2022-03-03,70+,3212,225
2022-03-03,Unknown,0,0
2022-03-03,Total,183498,1526
2022-03-04,0 to 9,20481,115
2022-03-04,10 to 19,43210,89
2022-03-04,20 to 29,51596,273
2022-03-04,30 to 39,36010,300
2022-03-04,40 to 49,24170,215
2022-03-04,50 to 59,15867,234
2022-03-04,60 to 69,7411,152
2022-03-04,70+,3629,260
2022-03-04,Unknown,1,0
2022-03-04,Total,202375,1638
2022-03-05,0 to 9,22274,122
2022-03-05,10 to 19,46161,95
2022-03-05,20 to 29,54934,282
2022-03-05,30 to 39,38751,311
2022-03-05,40 to 49,26199,224
2022-03-05,50 to 59,17202,242
2022-03-05,60 to 69,8055,161
2022-03-05,70+,3999,290
2022-03-05,Unknown,1,0
2022-03-05,Total,217576,1727
2022-03-06,0 to 9,24093,135
2022-03-06,10 to 19,49697,100
2022-03-06,20 to 29,58704,289
2022-03-06,30 to 39,42043,316
2022-03-06,40 to 49,28570,232
2022-03-06,50 to 59,18808,255
2022-03-06,60 to 69,8820,168
2022-03-06,70+,4380,320
2022-03-06,Unknown,2,0
2022-03-06,Total,235117,1815
2022-03-07,0 to 9,26521,138
2022-03-07,10 to 19,54321,102
2022-03-07,20 to 29,63930,298
2022-03-07,30 to 39,46530,324
2022-03-07,40 to 49,31824,245
2022-03-07,50 to 59,21027,264
2022-03-07,60 to 69,9981,182
2022-03-07,70+,4901,340
2022-03-07,Unknown,2,0
2022-03-07,Total,259037,1893
2022-03-08,0 to 9,28833,144
2022-03-08,10 to 19,58582,107
2022-03-08,20 to 29,69010,318
2022-03-08,30 to 39,50657,339
2022-03-08,40 to 49,35013,250
2022-03-08,50 to 59,22975,281
2022-03-08,60 to 69,11057,201
2022-03-08,70+,5391,375
2022-03-08,Unknown,2,0
2022-03-08,Total,281520,2015
2022-03-10,0 to 9,33355,166
2022-03-10,10 to 19,66288,117
2022-03-10,20 to 29,77782,366
2022-03-10,30 to 39,58427,368
2022-03-10,40 to 49,41130,271
2022-03-10,50 to 59,26957,314
2022-03-10,60 to 69,13101,235
2022-03-10,70+,6528,445
2022-03-10,Unknown,1,0
2022-03-10,Total,323569,2282
2022-03-11,0 to 9,35988,181
2022-03-11,10 to 19,69842,124
2022-03-11,20 to 29,81190,385
2022-03-11,30 to 39,61672,386
2022-03-11,40 to 49,43764,285
2022-03-11,50 to 59,28720,330
2022-03-11,60 to 69,14036,256
2022-03-11,70+,7081,497
2022-03-11,Unknown,1,0
2022-03-11,Total,342294,2444
2022-03-12,0 to 9,37948,187
2022-03-12,10 to 19,72597,129
2022-03-12,20 to 29,83834,403
2022-03-12,30 to 39,64149,399
2022-03-12,40 to 49,45846,298
2022-03-12,50 to 59,30103,346
2022-03-12,60 to 69,14771,269
2022-03-12,70+,7556,530
2022-03-12,Unknown,1,0
2022-03-12,Total,356805,2561
2022-03-13,0 to 9,40021,189
2022-03-13,10 to 19,75596,135
2022-03-13,20 to 29,86607,406
2022-03-13,30 to 39,66966,407
2022-03-13,40 to 49,48112,304
2022-03-13,50 to 59,31553,351
2022-03-13,60 to 69,15570,279
2022-03-13,70+,7936,540
2022-03-13,Unknown,1,0
2022-03-13,Total,372362,2611
2022-03-14,0 to 9,42900,205
2022-03-14,10 to 19,79790,136
2022-03-14,20 to 29,90475,422
2022-03-14,30 to 39,70850,428
2022-03-14,40 to 49,51182,315
2022-03-14,50 to 59,33573,368
2022-03-14,60 to 69,16684,296
2022-03-14,70+,8547,588
2022-03-14,Unknown,1,0
2022-03-14,Total,394002,2758
2022-03-16,0 to 9,47846,229
2022-03-16,10 to 19,87040,148
2022-03-16,20 to 29,97873,461
2022-03-16,30 to 39,77955,467
2022-03-16,40 to 49,56879,346
2022-03-16,50 to 59,37151,400
2022-03-16,60 to 69,18661,329
2022-03-16,70+,9667,668
2022-03-16,Unknown,1,0
2022-03-16,Total,433073,3048
2022-03-17,0 to 9,49679,233
2022-03-17,10 to 19,89575,157
2022-03-17,20 to 29,100253,473
2022-03-17,30 to 39,80443,481
2022-03-17,40 to 49,59051,356
2022-03-17,50 to 59,38599,413
2022-03-17,60 to 69,19461,341
2022-03-17,70+,10184,684
2022-03-17,Unknown,1,0
2022-03-17,Total,447246,3138
2022-03-18,0 to 9,52673,250
2022-03-18,10 to 19,92867,167
2022-03-18,20 to 29,103332,503
2022-03-18,30 to 39,83709,503
2022-03-18,40 to 49,61682,375
2022-03-18,50 to 59,40371,425
2022-03-18,60 to 69,20358,371
2022-03-18,70+,10764,731
2022-03-18,Unknown,1,0
2022-03-18,Total,465757,3325
2022-03-19,0 to 9,54548,252
2022-03-19,10 to 19,95103,170
2022-03-19,20 to 29,105252,517
2022-03-19,30 to 39,85818,522
2022-03-19,40 to 49,63464,385
2022-03-19,50 to 59,41518,445
2022-03-19,60 to 69,20927,382
2022-03-19,70+,11097,756
2022-03-19,Unknown,1,0
2022-03-19,Total,477728,3429
2022-03-20,0 to 9,56668,260
2022-03-20,10 to 19,97875,172
2022-03-20,20 to 29,107702,523
2022-03-20,30 to 39,88418,535
2022-03-20,40 to 49,65623,388
2022-03-20,50 to 59,42791,458
2022-03-20,60 to 69,21603,388
2022-03-20,70+,11525,785
2022-03-20,Unknown,1,0
2022-03-20,Total,492206,3509
2022-03-21,0 to 9,59873,277
2022-03-21,10 to 19,101870,179
2022-03-21,20 to 29,111237,544
2022-03-21,30 to 39,92089,557
2022-03-21,40 to 49,68702,398
2022-03-21,50 to 59,44651,474
2022-03-21,60 to 69,22552,414
2022-03-21,70+,12151,824
2022-03-21,Unknown,1,0
2022-03-21,Total,513126,3667
2022-03-22,0 to 9,62757,291
2022-03-22,10 to 19,105529,187
2022-03-22,20 to 29,114829,569
2022-03-22,30 to 39,95725,584
2022-03-22,40 to 49,71600,413
2022-03-22,50 to 59,46465,495
2022-03-22,60 to 69,23531,438
2022-03-22,70+,12801,871
2022-03-22,Unknown,1,0
2022-03-22,Total,533238,3848
2022-03-23,0 to 9,65203,309
2022-03-23,10 to 19,108681,201
2022-03-23,20 to 29,118240,603
2022-03-23,30 to 39,99186,624
2022-03-23,40 to 49,74329,432
2022-03-23,50 to 59,48177,512
2022-03-23,60 to 69,24466,458
2022-03-23,70+,13402,914
2022-03-23,Unknown,1,0
2022-03-23,Total,551685,4053
2022-03-24,0 to 9,67529,329
2022-03-24,10 to 19,111500,207
2022-03-24,20 to 29,120923,628
2022-03-24,30 to 39,101941,657
2022-03-24,40 to 49,76817,448
2022-03-24,50 to 59,49658,531
2022-03-24,60 to 69,25294,485
2022-03-24,70+,13905,954
2022-03-24,Unknown,1,0
2022-03-24,Total,567568,4239
2022-03-25,0 to 9,69717,342
2022-03-25,10 to 19,113972,214
2022-03-25,20 to 29,123204,656
2022-03-25,30 to 39,104354,677
2022-03-25,40 to 49,79004,463
2022-03-25,50 to 59,51015,545
2022-03-25,60 to 69,26047,502
2022-03-25,70+,14441,985
2022-03-25,Unknown,1,0
2022-03-25,Total,581755,4384
2022-03-26,0 to 9,71257,346
2022-03-26,10 to 19,115812,222
2022-03-26,20 to 29,124797,665
2022-03-26,30 to 39,106135,686
2022-03-26,40 to 49,80500,471
2022-03-26,50 to 59,52063,555
2022-03-26,60 to 69,26626,511
2022-03-26,70+,14807,1008
2022-03-26,Unknown,1,0
2022-03-26,Total,591998,4464
2022-03-27,0 to 9,73336,353
2022-03-27,10 to 19,118171,228
2022-03-27,20 to 29,126765,682
2022-03-27,30 to 39,108466,699
2022-03-27,40 to 49,82439,481
2022-03-27,50 to 59,53252,569
2022-03-27,60 to 69,27311,522
2022-03-27,70+,15145,1030
2022-03-27,Unknown,1,0
2022-03-27,Total,604886,4564
2022-03-28,0 to 9,76442,360
2022-03-28,10 to 19,121483,237
2022-03-28,20 to 29,129822,702
2022-03-28,30 to 39,111959,722
2022-03-28,40 to 49,85181,491
2022-03-28,50 to 59,55030,583
2022-03-28,60 to 69,28334,531
2022-03-28,70+,15732,1057
2022-03-28,Unknown,1,0
2022-03-28,Total,623984,4683
2022-03-29,0 to 9,78739,365
2022-03-29,10 to 19,124257,243
2022-03-29,20 to 29,132593,718
2022-03-29,30 to 39,114810,739
2022-03-29,40 to 49,87528,503
2022-03-29,50 to 59,56525,602
2022-03-29,60 to 69,29203,545
2022-03-29,70+,16257,1095
2022-03-29,Unknown,1,0
2022-03-29,Total,639913,4810
2022-03-30,0 to 9,80538,371
2022-03-30,10 to 19,126495,251
2022-03-30,20 to 29,134892,748
2022-03-30,30 to 39,117091,764
2022-03-30,40 to 49,89654,513
2022-03-30,50 to 59,57812,620
2022-03-30,60 to 69,29960,562
2022-03-30,70+,16797,1119
2022-03-30,Unknown,1,0
2022-03-30,Total,653240,4948
2022-03-31,0 to 9,82552,383
2022-03-31,10 to 19,128671,255
2022-03-31,20 to 29,137070,758
2022-03-31,30 to 39,119530,781
2022-03-31,40 to 49,91711,534
2022-03-31,50 to 59,59153,636
2022-03-31,60 to 69,30710,576
2022-03-31,70+,17330,1139
2022-03-31,Unknown,1,0
2022-03-31,Total,666728,5062
2022-04-02,0 to 9,85773,406
2022-04-02,10 to 19,132188,271
2022-04-02,20 to 29,140075,789
2022-04-02,30 to 39,123066,811
2022-04-02,40 to 49,94806,555
2022-04-02,50 to 59,61209,670
2022-04-02,60 to 69,31882,601
2022-04-02,70+,18162,1202
2022-04-02,Unknown,1,0
2022-04-02,Total,687162,5305
2022-04-03,0 to 9,87348,408
2022-04-03,10 to 19,133908,277
2022-04-03,20 to 29,141658,802
2022-04-03,30 to 39,124879,818
2022-04-03,40 to 49,96387,562
2022-04-03,50 to 59,62239,684
2022-04-03,60 to 69,32481,603
2022-04-03,70+,18475,1214
2022-04-03,Unknown,1,0
2022-04-03,Total,697376,5368
2022-04-04,0 to 9,89531,415
2022-04-04,10 to 19,136393,281
2022-04-04,20 to 29,143773,816
2022-04-04,30 to 39,127381,826
2022-04-04,40 to 49,98453,566
2022-04-04,50 to 59,63649,681
2022-04-04,60 to 69,33332,609
2022-04-04,70+,18998,1238
2022-04-04,Unknown,1,0
2022-04-04,Total,711511,5432
2022-04-05,0 to 9,91447,432
2022-04-05,10 to 19,138431,292
2022-04-05,20 to 29,145837,841
2022-04-05,30 to 39,129636,852
2022-04-05,40 to 49,100285,582
2022-04-05,50 to 59,64886,694
2022-04-05,60 to 69,34055,634
2022-04-05,70+,19525,1276
2022-04-05,Unknown,1,0
2022-04-05,Total,724103,5603
2022-04-06,0 to 9,93064,453
2022-04-06,10 to 19,140166,304
2022-04-06,20 to 29,147855,869
2022-04-06,30 to 39,131789,870
2022-04-06,40 to 49,102059,602
2022-04-06,50 to 59,66045,712
2022-04-06,60 to 69,34816,653
2022-04-06,70+,19960,1325
2022-04-06,Unknown,1,0
2022-04-06,Total,735755,5788
2022-04-08,0 to 9,95759,466
2022-04-08,10 to 19,143035,310
2022-04-08,20 to 29,150713,905
2022-04-08,30 to 39,135108,909
2022-04-08,40 to 49,104840,620
2022-04-08,50 to 59,67827,735
2022-04-08,60 to 69,36026,680
2022-04-08,70+,20903,1382
2022-04-08,Unknown,1,0
2022-04-08,Total,754212,6007
2022-04-09,0 to 9,96848,470
2022-04-09,10 to 19,144136,317
2022-04-09,20 to 29,151668,920
2022-04-09,30 to 39,136349,939
2022-04-09,40 to 49,105823,633
2022-04-09,50 to 59,68475,751
2022-04-09,60 to 69,36440,691
2022-04-09,70+,21194,1395
2022-04-09,Unknown,1,0
2022-04-09,Total,760934,6116
2022-04-10,0 to 9,97957,471
2022-04-10,10 to 19,145425,319
2022-04-10,20 to 29,152827,926
2022-04-10,30 to 39,137788,945
2022-04-10,40 to 49,106958,639
2022-04-10,50 to 59,69239,753
2022-04-10,60 to 69,36871,697
2022-04-10,70+,21463,1410
2022-04-10,Unknown,1,0
2022-04-10,Total,768529,6160
2022-04-11,0 to 9,99628,477
2022-04-11,10 to 19,147233,329
2022-04-11,20 to 29,154599,943
2022-04-11,30 to 39,139733,958
2022-04-11,40 to 49,108539,652
2022-04-11,50 to 59,70364,766
2022-04-11,60 to 69,37552,711
2022-04-11,70+,21959,1434
2022-04-11,Unknown,1,0
2022-04-11,Total,779608,6270
2022-04-12,0 to 9,100939,480
2022-04-12,10 to 19,148736,334
2022-04-12,20 to 29,156200,957
2022-04-12,30 to 39,141474,978
2022-04-12,40 to 49,109894,657
2022-04-12,50 to 59,71312,774
2022-04-12,60 to 69,38159,721
2022-04-12,70+,22392,1463
2022-04-12,Unknown,1,0
2022-04-12,Total,789107,6364
2022-04-13,0 to 9,102152,490
2022-04-13,10 to 19,150145,344
2022-04-13,20 to 29,157873,975
2022-04-13,30 to 39,143289,995
2022-04-13,40 to 49,111309,669
2022-04-13,50 to 59,72280,786
2022-04-13,60 to 69,38763,739
2022-04-13,70+,22864,1491
2022-04-13,Unknown,1,0
2022-04-13,Total,798676,6489
2022-04-14,0 to 9,103086,500
2022-04-14,10 to 19,151210,349
2022-04-14,20 to 29,159098,997
2022-04-14,30 to 39,144679,1020
2022-04-14,40 to 49,112572,675
2022-04-14,50 to 59,73174,795
2022-04-14,60 to 69,39293,752
2022-04-14,70+,23329,1518
2022-04-14,Unknown,1,0
2022-04-14,Total,806442,6606
2022-04-15,0 to 9,103882,506
2022-04-15,10 to 19,152068,355
2022-04-15,20 to 29,159996,1008
2022-04-15,30 to 39,145727,1036
2022-04-15,40 to 49,113435,686
2022-04-15,50 to 59,73766,800
2022-04-15,60 to 69,39700,760
2022-04-15,70+,23617,1554
2022-04-15,Unknown,1,0
2022-04-15,Total,812192,6705
2022-04-16,0 to 9,104694,509
2022-04-16,10 to 19,152942,357
2022-04-16,20 to 29,160905,1010
2022-04-16,30 to 39,146742,1045
2022-04-16,40 to 49,114342,693
2022-04-16,50 to 59,74407,802
2022-04-16,60 to 69,40125,770
2022-04-16,70+,23967,1570
2022-04-16,Unknown,1,0
2022-04-16,Total,818125,6756
2022-04-17,0 to 9,105510,517
2022-04-17,10 to 19,153905,363
2022-04-17,20 to 29,161988,1023
2022-04-17,30 to 39,148005,1052
2022-04-17,40 to 49,115330,700
2022-04-17,50 to 59,75123,809
2022-04-17,60 to 69,40588,777
2022-04-17,70+,24296,1585
2022-04-17,Unknown,1,0
2022-04-17,Total,824746,6826
2022-04-18,0 to 9,106407,521
2022-04-18,10 to 19,155114,371
2022-04-18,20 to 29,163529,1030
2022-04-18,30 to 39,149523,1064
2022-04-18,40 to 49,116595,705
2022-04-18,50 to 59,76005,815
2022-04-18,60 to 69,41167,785
2022-04-18,70+,24671,1603
2022-04-18,Unknown,1,0
2022-04-18,Total,833012,6894
2022-04-19,0 to 9,107638,526
2022-04-19,10 to 19,156614,373
2022-04-19,20 to 29,165562,1040
2022-04-19,30 to 39,151659,1074
2022-04-19,40 to 49,118209,714
2022-04-19,50 to 59,77277,824
2022-04-19,60 to 69,41994,799
2022-04-19,70+,25286,1633
2022-04-19,Unknown,1,0
2022-04-19,Total,844240,6983
2022-04-20,0 to 9,108654,535
2022-04-20,10 to 19,157964,375
2022-04-20,20 to 29,167547,1055
2022-04-20,30 to 39,153542,1095
2022-04-20,40 to 49,119745,726
2022-04-20,50 to 59,78441,833
2022-04-20,60 to 69,42769,808
2022-04-20,70+,25882,1667
2022-04-20,Unknown,1,0
2022-04-20,Total,854545,7094
2022-04-21,0 to 9,109629,537
2022-04-21,10 to 19,159215,381
2022-04-21,20 to 29,169124,1063
2022-04-21,30 to 39,155210,1109
2022-04-21,40 to 49,121216,739
2022-04-21,50 to 59,79560,841
2022-04-21,60 to 69,43528,823
2022-04-21,70+,26475,1688
2022-04-21,Unknown,2,0
2022-04-21,Total,863959,7181
2022-04-22,0 to 9,110528,547
2022-04-22,10 to 19,160239,388
2022-04-22,20 to 29,170374,1082
2022-04-22,30 to 39,156524,1128
2022-04-22,40 to 49,122405,750
2022-04-22,50 to 59,80609,853
2022-04-22,60 to 69,44196,843
2022-04-22,70+,27009,1716
2022-04-22,Unknown,2,0
2022-04-22,Total,871886,7307
2022-04-23,0 to 9,111148,557
2022-04-23,10 to 19,160964,388
2022-04-23,20 to 29,171297,1101
2022-04-23,30 to 39,157535,1147
2022-04-23,40 to 49,123279,759
2022-04-23,50 to 59,81316,866
2022-04-23,60 to 69,44667,852
2022-04-23,70+,27347,1739
2022-04-23,Unknown,2,0
2022-04-23,Total,877555,7409
2022-04-24,0 to 9,111689,561
2022-04-24,10 to 19,161771,393
2022-04-24,20 to 29,172271,1108
2022-04-24,30 to 39,158501,1155
2022-04-24,40 to 49,124144,767
2022-04-24,50 to 59,82042,872
2022-04-24,60 to 69,45152,859
2022-04-24,70+,27675,1751
2022-04-24,Unknown,2,0
2022-04-24,Total,883247,7466
2022-04-25,0 to 9,112234,566
2022-04-25,10 to 19,162587,398
2022-04-25,20 to 29,173524,1118
2022-04-25,30 to 39,159708,1166
2022-04-25,40 to 49,125133,776
2022-04-25,50 to 59,82819,876
2022-04-25,60 to 69,45625,863
2022-04-25,70+,27979,1761
2022-04-25,Unknown,2,0
2022-04-25,Total,889611,7524
2022-04-26,0 to 9,113049,573
2022-04-26,10 to 19,163805,402
2022-04-26,20 to 29,175556,1128
2022-04-26,30 to 39,161349,1191
2022-04-26,40 to 49,126496,787
2022-04-26,50 to 59,84085,890
2022-04-26,60 to 69,46438,869
2022-04-26,70+,28656,1803
2022-04-26,Unknown,2,0
2022-04-26,Total,899436,7643
2022-04-27,0 to 9,113710,581
2022-04-27,10 to 19,164892,409
2022-04-27,20 to 29,177590,1143
2022-04-27,30 to 39,162838,1213
2022-04-27,40 to 49,127747,794
2022-04-27,50 to 59,85227,907
2022-04-27,60 to 69,47189,880
2022-04-27,70+,29282,1826
2022-04-27,Unknown,2,0
2022-04-27,Total,908477,7753
2022-04-28,0 to 9,114374,583
2022-04-28,10 to 19,165924,419
2022-04-28,20 to 29,179202,1166
2022-04-28,30 to 39,164261,1236
2022-04-28,40 to 49,128967,807
2022-04-28,50 to 59,86269,924
2022-04-28,60 to 69,47881,891
2022-04-28,70+,29856,1854
2022-04-28,Unknown,2,0
2022-04-28,Total,916736,7880
2022-04-29,0 to 9,115050,588
2022-04-29,10 to 19,166810,424
2022-04-29,20 to 29,180477,1181
2022-04-29,30 to 39,165428,1252
2022-04-29,40 to 49,129932,825
2022-04-29,50 to 59,87220,935
2022-04-29,60 to 69,48463,902
2022-04-29,70+,30395,1876
2022-04-29,Unknown,2,0
2022-04-29,Total,923777,7983
2022-04-30,0 to 9,115625,592
2022-04-30,10 to 19,167516,427
2022-04-30,20 to 29,181548,1185
2022-04-30,30 to 39,166317,1268
2022-04-30,40 to 49,130748,834
2022-04-30,50 to 59,87964,946
2022-04-30,60 to 69,48940,909
2022-04-30,70+,30781,1892
2022-04-30,Unknown,2,0
2022-04-30,Total,929441,8053
2022-05-01,0 to 9,116213,593
2022-05-01,10 to 19,168432,431
2022-05-01,20 to 29,182751,1200
2022-05-01,30 to 39,167389,1281
2022-05-01,40 to 49,131722,841
2022-05-01,50 to 59,88891,953
2022-05-01,60 to 69,49473,914
2022-05-01,70+,31210,1903
2022-05-01,Unknown,2,0
2022-05-01,Total,936083,8116
2022-05-02,0 to 9,116960,598
2022-05-02,10 to 19,169588,439
2022-05-02,20 to 29,184481,1230
2022-05-02,30 to 39,168924,1290
2022-05-02,40 to 49,133015,851
2022-05-02,50 to 59,90111,959
2022-05-02,60 to 69,50250,926
2022-05-02,70+,31881,1934
2022-05-02,Unknown,2,0
2022-05-02,Total,945212,8227
2022-05-03,0 to 9,117575,604
2022-05-03,10 to 19,170640,441
2022-05-03,20 to 29,186238,1247
2022-05-03,30 to 39,170324,1301
2022-05-03,40 to 49,134175,858
2022-05-03,50 to 59,91224,977
2022-05-03,60 to 69,50981,934
2022-05-03,70+,32493,1966
2022-05-03,Unknown,2,0
2022-05-03,Total,953652,8328
2022-05-04,0 to 9,118174,615
2022-05-04,10 to 19,171662,452
2022-05-04,20 to 29,188093,1256
2022-05-04,30 to 39,171769,1318
2022-05-04,40 to 49,135325,871
2022-05-04,50 to 59,92364,997
2022-05-04,60 to 69,51774,952
2022-05-04,70+,33087,2002
2022-05-04,Unknown,2,0
2022-05-04,Total,962250,8463
2022-05-05,0 to 9,118801,625
2022-05-05,10 to 19,172542,460
2022-05-05,20 to 29,189501,1276
2022-05-05,30 to 39,172980,1336
2022-05-05,40 to 49,136320,884
2022-05-05,50 to 59,93351,1008
2022-05-05,60 to 69,52469,957
2022-05-05,70+,33624,2015
2022-05-05,Unknown,2,0
2022-05-05,Total,969590,8561
2022-05-06,0 to 9,119422,636
2022-05-06,10 to 19,173430,467
2022-05-06,20 to 29,190740,1294
2022-05-06,30 to 39,174011,1352
2022-05-06,40 to 49,137219,892
2022-05-06,50 to 59,94243,1016
2022-05-06,60 to 69,53108,967
2022-05-06,70+,34159,2032
2022-05-06,Unknown,2,0
2022-05-06,Total,976334,8656
2022-05-07,0 to 9,119950,642
2022-05-07,10 to 19,174157,474
2022-05-07,20 to 29,191757,1310
2022-05-07,30 to 39,174995,1370
2022-05-07,40 to 49,138020,904
2022-05-07,50 to 59,94998,1021
2022-05-07,60 to 69,53581,971
2022-05-07,70+,34527,2051
2022-05-07,Unknown,2,0
2022-05-07,Total,981987,8743
2022-05-08,0 to 9,120511,645
2022-05-08,10 to 19,175168,477
2022-05-08,20 to 29,192861,1318
2022-05-08,30 to 39,176054,1386
2022-05-08,40 to 49,138931,905
2022-05-08,50 to 59,95877,1026
2022-05-08,60 to 69,54098,977
2022-05-08,70+,34895,2060
2022-05-08,Unknown,2,0
2022-05-08,Total,988397,8794
2022-05-09,0 to 9,121439,650
2022-05-09,10 to 19,176481,481
2022-05-09,20 to 29,194470,1332
2022-05-09,30 to 39,177541,1398
2022-05-09,40 to 49,140243,908
2022-05-09,50 to 59,97045,1035
2022-05-09,60 to 69,54856,986
2022-05-09,70+,35505,2099
2022-05-09,Unknown,2,0
2022-05-09,Total,997582,8889
2022-05-10,0 to 9,122155,663
2022-05-10,10 to 19,177597,483
2022-05-10,20 to 29,195951,1347
2022-05-10,30 to 39,178807,1426
2022-05-10,40 to 49,141405,921
2022-05-10,50 to 59,98081,1055
2022-05-10,60 to 69,55515,1000
2022-05-10,70+,36039,2125
2022-05-10,Unknown,2,0
2022-05-10,Total,1005552,9020
2022-05-11,0 to 9,122887,669
2022-05-11,10 to 19,178873,487
2022-05-11,20 to 29,197760,1366
2022-05-11,30 to 39,180422,1445
2022-05-11,40 to 49,142806,933
2022-05-11,50 to 59,99297,1070
2022-05-11,60 to 69,56262,1010
2022-05-11,70+,36637,2161
2022-05-11,Unknown,2,0
2022-05-11,Total,1014946,9141
2022-05-12,0 to 9,123581,682
2022-05-12,10 to 19,179919,502
2022-05-12,20 to 29,198995,1391
2022-05-12,30 to 39,181625,1476
2022-05-12,40 to 49,143964,940
2022-05-12,50 to 59,100246,1091
2022-05-12,60 to 69,56878,1027
2022-05-12,70+,37192,2186
2022-05-12,Unknown,2,0
2022-05-12,Total,1022402,9295
2022-05-13,0 to 9,124264,680
2022-05-13,10 to 19,180975,510
2022-05-13,20 to 29,200015,1407
2022-05-13,30 to 39,182762,1493
2022-05-13,40 to 49,145033,950
2022-05-13,50 to 59,101167,1110
2022-05-13,60 to 69,57535,1043
2022-05-13,70+,37710,2209
2022-05-13,Unknown,2,0
2022-05-13,Total,1029463,9402
2022-05-14,0 to 9,124777,683
2022-05-14,10 to 19,181893,520
2022-05-14,20 to 29,200840,1426
2022-05-14,30 to 39,183693,1508
2022-05-14,40 to 49,145998,960
2022-05-14,50 to 59,101929,1122
2022-05-14,60 to 69,58022,1051
2022-05-14,70+,38059,2224
2022-05-14,Unknown,2,0
2022-05-14,Total,1035213,9494
2022-05-15,0 to 9,125388,687
2022-05-15,10 to 19,183013,527
2022-05-15,20 to 29,201861,1434
2022-05-15,30 to 39,184877,1518
2022-05-15,40 to 49,147138,968
2022-05-15,50 to 59,102909,1130
2022-05-15,60 to 69,58622,1055
2022-05-15,70+,38469,2235
2022-05-15,Unknown,2,0
2022-05-15,Total,1042279,9554
2022-05-16,0 to 9,126274,699
2022-05-16,10 to 19,184555,535
2022-05-16,20 to 29,203357,1444
2022-05-16,30 to 39,186454,1531
2022-05-16,40 to 49,148609,972
2022-05-16,50 to 59,104195,1138
2022-05-16,60 to 69,59493,1060
2022-05-16,70+,39190,2262
2022-05-16,Unknown,2,0
2022-05-16,Total,1052129,9641
2022-05-17,0 to 9,127108,708
2022-05-17,10 to 19,185946,546
2022-05-17,20 to 29,204904,1467
2022-05-17,30 to 39,187960,1560
2022-05-17,40 to 49,150128,978
2022-05-17,50 to 59,105445,1142
2022-05-17,60 to 69,60290,1076
2022-05-17,70+,39917,2303
2022-05-17,Unknown,2,0
2022-05-17,Total,1061700,9780
2022-05-18,0 to 9,127776,713
2022-05-18,10 to 19,187203,559
2022-05-18,20 to 29,206295,1480
2022-05-18,30 to 39,189529,1579
2022-05-18,40 to 49,151545,988
2022-05-18,50 to 59,106664,1154
2022-05-18,60 to 69,61104,1099
2022-05-18,70+,40676,2331
2022-05-18,Unknown,2,0
2022-05-18,Total,1070794,9903
2022-05-19,0 to 9,128403,730
2022-05-19,10 to 19,188294,567
2022-05-19,20 to 29,207398,1492
2022-05-19,30 to 39,190785,1599
2022-05-19,40 to 49,152830,1002
2022-05-19,50 to 59,107750,1167
2022-05-19,60 to 69,61785,1112
2022-05-19,70+,41355,2369
2022-05-19,Unknown,2,0
2022-05-19,Total,1078602,10038
