date,age_group,total_hospitalised,total_icu
2020-11-05,0 to 9,1,0
2020-11-05,10 to 19,3,1
2020-11-05,20 to 29,7,1
2020-11-05,30 to 39,16,1
2020-11-05,40 to 49,16,3
2020-11-05,50 to 59,27,3
2020-11-05,60 to 69,21,4
2020-11-05,70 to 79,18,4
2020-11-05,80 to 89,8,0
2020-11-05,90+,4,0
2020-11-05,Total,121,17
2020-11-12,0 to 9,1,0
2020-11-12,10 to 19,3,1
2020-11-12,20 to 29,7,1
2020-11-12,30 to 39,16,1
2020-11-12,40 to 49,16,3
2020-11-12,50 to 59,27,3
2020-11-12,60 to 69,22,4
2020-11-12,70 to 79,18,4
2020-11-12,80 to 89,8,0
2020-11-12,90+,4,0
2020-11-12,Total,122,17
2020-11-26,0 to 9,1,0
2020-11-26,10 to 19,3,1
2020-11-26,20 to 29,7,1
2020-11-26,30 to 39,16,1
2020-11-26,40 to 49,16,3
2020-11-26,50 to 59,27,4
2020-11-26,60 to 69,22,4
2020-11-26,70 to 79,18,4
2020-11-26,80 to 89,8,0
2020-11-26,90+,4,0
2020-11-26,Total,122,18
2020-12-02,0 to 9,1,0
2020-12-02,10 to 19,3,1
2020-12-02,20 to 29,7,1
2020-12-02,30 to 39,16,1
2020-12-02,40 to 49,16,3
2020-12-02,50 to 59,27,4
2020-12-02,60 to 69,22,4
2020-12-02,70 to 79,18,4
2020-12-02,80 to 89,8,0
2020-12-02,90+,4,0
2020-12-02,Total,122,18
2020-12-09,0 to 9,1,0
2020-12-09,10 to 19,3,1
2020-12-09,20 to 29,7,1
2020-12-09,30 to 39,16,1
2020-12-09,40 to 49,16,3
2020-12-09,50 to 59,27,4
2020-12-09,60 to 69,22,4
2020-12-09,70 to 79,18,4
2020-12-09,80 to 89,8,0
2020-12-09,90+,4,0
2020-12-09,Total,122,18
2020-12-31,0 to 9,1,0
2020-12-31,10 to 19,3,1
2020-12-31,20 to 29,7,1
2020-12-31,30 to 39,16,1
2020-12-31,40 to 49,16,3
2020-12-31,50 to 59,27,4
2020-12-31,60 to 69,22,4
2020-12-31,70 to 79,18,4
2020-12-31,80 to 89,8,0
2020-12-31,90+,4,0
2020-12-31,Total,122,18
2021-01-10,0 to 9,1,0
2021-01-10,10 to 19,3,1
2021-01-10,20 to 29,7,1
2021-01-10,30 to 39,16,1
2021-01-10,40 to 49,16,3
2021-01-10,50 to 59,27,4
2021-01-10,60 to 69,22,4
2021-01-10,70 to 79,18,4
2021-01-10,80 to 89,8,0
2021-01-10,90+,4,0
2021-01-10,Total,122,18
2021-01-13,0 to 9,1,0
2021-01-13,10 to 19,3,1
2021-01-13,20 to 29,7,1
2021-01-13,30 to 39,16,1
2021-01-13,40 to 49,16,3
2021-01-13,50 to 59,27,4
2021-01-13,60 to 69,22,4
2021-01-13,70 to 79,18,4
2021-01-13,80 to 89,8,0
2021-01-13,90+,4,0
2021-01-13,Total,122,18
2021-01-24,0 to 9,1,0
2021-01-24,10 to 19,3,1
2021-01-24,20 to 29,7,1
2021-01-24,30 to 39,16,1
2021-01-24,40 to 49,17,3
2021-01-24,50 to 59,27,4
2021-01-24,60 to 69,22,4
2021-01-24,70 to 79,18,4
2021-01-24,80 to 89,8,0
2021-01-24,90+,4,0
2021-01-24,Total,123,18
2021-01-25,0 to 9,1,0
2021-01-25,10 to 19,3,1
2021-01-25,20 to 29,7,1
2021-01-25,30 to 39,16,1
2021-01-25,40 to 49,17,3
2021-01-25,50 to 59,27,4
2021-01-25,60 to 69,22,4
2021-01-25,70 to 79,18,4
2021-01-25,80 to 89,8,0
2021-01-25,90+,4,0
2021-01-25,Total,123,18
2021-02-04,0 to 9,1,0
2021-02-04,10 to 19,3,1
2021-02-04,20 to 29,7,1
2021-02-04,30 to 39,16,1
2021-02-04,40 to 49,17,3
2021-02-04,50 to 59,27,4
2021-02-04,60 to 69,22,4
2021-02-04,70 to 79,18,4
2021-02-04,80 to 89,8,0
2021-02-04,90+,4,0
2021-02-04,Total,123,18
2021-02-18,0 to 9,1,0
2021-02-18,10 to 19,3,1
2021-02-18,20 to 29,7,1
2021-02-18,30 to 39,17,1
2021-02-18,40 to 49,17,3
2021-02-18,50 to 59,27,4
2021-02-18,60 to 69,22,4
2021-02-18,70 to 79,18,4
2021-02-18,80 to 89,8,0
2021-02-18,90+,4,0
2021-02-18,Total,124,18
2021-02-21,0 to 9,1,0
2021-02-21,10 to 19,3,1
2021-02-21,20 to 29,7,1
2021-02-21,30 to 39,17,1
2021-02-21,40 to 49,17,3
2021-02-21,50 to 59,27,4
2021-02-21,60 to 69,22,4
2021-02-21,70 to 79,18,4
2021-02-21,80 to 89,8,0
2021-02-21,90+,4,0
2021-02-21,Total,124,18
2021-02-22,0 to 9,1,0
2021-02-22,10 to 19,3,1
2021-02-22,20 to 29,7,1
2021-02-22,30 to 39,17,1
2021-02-22,40 to 49,17,3
2021-02-22,50 to 59,27,4
2021-02-22,60 to 69,22,4
2021-02-22,70 to 79,18,4
2021-02-22,80 to 89,8,0
2021-02-22,90+,4,0
2021-02-22,Total,124,18
2021-02-28,0 to 9,1,0
2021-02-28,10 to 19,3,1
2021-02-28,20 to 29,7,1
2021-02-28,30 to 39,17,1
2021-02-28,40 to 49,17,3
2021-02-28,50 to 59,27,4
2021-02-28,60 to 69,22,4
2021-02-28,70 to 79,18,4
2021-02-28,80 to 89,8,0
2021-02-28,90+,4,0
2021-02-28,Total,124,18
2021-03-01,0 to 9,1,0
2021-03-01,10 to 19,3,1
2021-03-01,20 to 29,7,1
2021-03-01,30 to 39,17,1
2021-03-01,40 to 49,17,3
2021-03-01,50 to 59,27,4
2021-03-01,60 to 69,22,4
2021-03-01,70 to 79,18,4
2021-03-01,80 to 89,8,0
2021-03-01,90+,4,0
2021-03-01,Total,124,18
2021-03-02,0 to 9,1,0
2021-03-02,10 to 19,3,1
2021-03-02,20 to 29,7,1
2021-03-02,30 to 39,17,1
2021-03-02,40 to 49,17,3
2021-03-02,50 to 59,28,4
2021-03-02,60 to 69,22,4
2021-03-02,70 to 79,18,4
2021-03-02,80 to 89,8,0
2021-03-02,90+,4,0
2021-03-02,Total,125,18
2021-03-03,0 to 9,1,0
2021-03-03,10 to 19,3,1
2021-03-03,20 to 29,7,1
2021-03-03,30 to 39,17,1
2021-03-03,40 to 49,17,3
2021-03-03,50 to 59,28,4
2021-03-03,60 to 69,22,4
2021-03-03,70 to 79,18,4
2021-03-03,80 to 89,8,0
2021-03-03,90+,4,0
2021-03-03,Total,125,18
2021-03-08,0 to 9,1,0
2021-03-08,10 to 19,3,1
2021-03-08,20 to 29,7,1
2021-03-08,30 to 39,17,1
2021-03-08,40 to 49,17,3
2021-03-08,50 to 59,28,4
2021-03-08,60 to 69,23,4
2021-03-08,70 to 79,18,4
2021-03-08,80 to 89,8,0
2021-03-08,90+,4,0
2021-03-08,Total,126,18
2021-04-19,0 to 9,1,0
2021-04-19,10 to 19,3,1
2021-04-19,20 to 29,7,1
2021-04-19,30 to 39,17,1
2021-04-19,40 to 49,17,3
2021-04-19,50 to 59,29,4
2021-04-19,60 to 69,24,4
2021-04-19,70 to 79,18,4
2021-04-19,80 to 89,8,0
2021-04-19,90+,4,0
2021-04-19,Total,128,18
2021-05-24,0 to 9,1,0
2021-05-24,10 to 19,3,1
2021-05-24,20 to 29,7,1
2021-05-24,30 to 39,17,1
2021-05-24,40 to 49,17,3
2021-05-24,50 to 59,29,4
2021-05-24,60 to 69,24,4
2021-05-24,70 to 79,18,4
2021-05-24,80 to 89,8,0
2021-05-24,90+,4,0
2021-05-24,Total,128,18
2021-06-13,0 to 9,1,0
2021-06-13,10 to 19,3,1
2021-06-13,20 to 29,7,1
2021-06-13,30 to 39,18,2
2021-06-13,40 to 49,17,3
2021-06-13,50 to 59,29,4
2021-06-13,60 to 69,25,4
2021-06-13,70 to 79,18,4
2021-06-13,80 to 89,8,0
2021-06-13,90+,4,0
2021-06-13,Total,130,19
2021-06-29,0 to 9,1,0
2021-06-29,10 to 19,3,1
2021-06-29,20 to 29,7,1
2021-06-29,30 to 39,18,2
2021-06-29,40 to 49,17,3
2021-06-29,50 to 59,30,4
2021-06-29,60 to 69,25,4
2021-06-29,70 to 79,18,4
2021-06-29,80 to 89,8,0
2021-06-29,90+,4,0
2021-06-29,Total,131,19
2021-07-26,0 to 9,1,0
2021-07-26,10 to 19,3,1
2021-07-26,20 to 29,7,1
2021-07-26,30 to 39,18,2
2021-07-26,40 to 49,17,3
2021-07-26,50 to 59,30,4
2021-07-26,60 to 69,25,4
2021-07-26,70 to 79,18,4
2021-07-26,80 to 89,8,0
2021-07-26,90+,4,0
2021-07-26,Total,131,19
2021-08-19,0 to 9,1,0
2021-08-19,10 to 19,3,1
2021-08-19,20 to 29,8,1
2021-08-19,30 to 39,19,2
2021-08-19,40 to 49,21,3
2021-08-19,50 to 59,31,4
2021-08-19,60 to 69,26,4
2021-08-19,70 to 79,18,4
2021-08-19,80 to 89,8,0
2021-08-19,90+,4,0
2021-08-19,Total,139,19
2021-08-20,0 to 9,1,0
2021-08-20,10 to 19,4,1
2021-08-20,20 to 29,8,1
2021-08-20,30 to 39,19,2
2021-08-20,40 to 49,21,3
2021-08-20,50 to 59,31,4
2021-08-20,60 to 69,26,4
2021-08-20,70 to 79,18,4
2021-08-20,80 to 89,8,0
2021-08-20,90+,4,0
2021-08-20,Total,140,19
2021-08-21,0 to 9,1,0
2021-08-21,10 to 19,4,1
2021-08-21,20 to 29,8,1
2021-08-21,30 to 39,19,2
2021-08-21,40 to 49,21,3
2021-08-21,50 to 59,31,4
2021-08-21,60 to 69,26,4
2021-08-21,70 to 79,18,4
2021-08-21,80 to 89,8,0
2021-08-21,90+,4,0
2021-08-21,Total,140,19
2021-08-22,0 to 9,1,0
2021-08-22,10 to 19,4,1
2021-08-22,20 to 29,8,1
2021-08-22,30 to 39,19,2
2021-08-22,40 to 49,21,3
2021-08-22,50 to 59,33,4
2021-08-22,60 to 69,26,4
2021-08-22,70 to 79,18,4
2021-08-22,80 to 89,8,0
2021-08-22,90+,4,0
2021-08-22,Total,142,19
2021-08-23,0 to 9,1,0
2021-08-23,10 to 19,4,1
2021-08-23,20 to 29,8,1
2021-08-23,30 to 39,19,2
2021-08-23,40 to 49,21,3
2021-08-23,50 to 59,34,4
2021-08-23,60 to 69,26,4
2021-08-23,70 to 79,19,4
2021-08-23,80 to 89,8,0
2021-08-23,90+,4,0
2021-08-23,Total,144,19
2021-08-24,0 to 9,1,0
2021-08-24,10 to 19,4,1
2021-08-24,20 to 29,8,1
2021-08-24,30 to 39,20,2
2021-08-24,40 to 49,21,3
2021-08-24,50 to 59,34,4
2021-08-24,60 to 69,26,4
2021-08-24,70 to 79,19,4
2021-08-24,80 to 89,8,0
2021-08-24,90+,4,0
2021-08-24,Total,145,19
2021-08-25,0 to 9,2,0
2021-08-25,10 to 19,4,1
2021-08-25,20 to 29,8,1
2021-08-25,30 to 39,20,2
2021-08-25,40 to 49,22,3
2021-08-25,50 to 59,34,4
2021-08-25,60 to 69,26,4
2021-08-25,70 to 79,20,4
2021-08-25,80 to 89,8,0
2021-08-25,90+,4,0
2021-08-25,Total,148,19
2021-08-26,0 to 9,2,0
2021-08-26,10 to 19,5,1
2021-08-26,20 to 29,8,1
2021-08-26,30 to 39,20,2
2021-08-26,40 to 49,22,3
2021-08-26,50 to 59,34,4
2021-08-26,60 to 69,26,4
2021-08-26,70 to 79,20,4
2021-08-26,80 to 89,8,0
2021-08-26,90+,4,0
2021-08-26,Total,149,19
2021-08-28,0 to 9,2,0
2021-08-28,10 to 19,6,1
2021-08-28,20 to 29,10,1
2021-08-28,30 to 39,21,2
2021-08-28,40 to 49,22,3
2021-08-28,50 to 59,35,4
2021-08-28,60 to 69,28,4
2021-08-28,70 to 79,21,4
2021-08-28,80 to 89,8,0
2021-08-28,90+,4,0
2021-08-28,Total,157,19
2021-08-29,0 to 9,2,0
2021-08-29,10 to 19,6,1
2021-08-29,20 to 29,11,1
2021-08-29,30 to 39,21,2
2021-08-29,40 to 49,22,3
2021-08-29,50 to 59,36,4
2021-08-29,60 to 69,29,4
2021-08-29,70 to 79,22,4
2021-08-29,80 to 89,8,0
2021-08-29,90+,4,0
2021-08-29,Total,161,19
2021-08-30,0 to 9,2,0
2021-08-30,10 to 19,6,1
2021-08-30,20 to 29,11,1
2021-08-30,30 to 39,23,2
2021-08-30,40 to 49,22,3
2021-08-30,50 to 59,36,4
2021-08-30,60 to 69,29,4
2021-08-30,70 to 79,22,4
2021-08-30,80 to 89,8,0
2021-08-30,90+,4,0
2021-08-30,Total,163,19
2021-08-31,0 to 9,2,0
2021-08-31,10 to 19,6,1
2021-08-31,20 to 29,15,1
2021-08-31,30 to 39,25,2
2021-08-31,40 to 49,24,3
2021-08-31,50 to 59,40,4
2021-08-31,60 to 69,32,4
2021-08-31,70 to 79,25,4
2021-08-31,80 to 89,8,0
2021-08-31,90+,4,0
2021-08-31,Total,181,19
2021-09-01,0 to 9,2,0
2021-09-01,10 to 19,6,1
2021-09-01,20 to 29,15,1
2021-09-01,30 to 39,26,2
2021-09-01,40 to 49,25,3
2021-09-01,50 to 59,42,4
2021-09-01,60 to 69,32,4
2021-09-01,70 to 79,26,4
2021-09-01,80 to 89,8,0
2021-09-01,90+,4,0
2021-09-01,Total,186,19
2021-09-02,0 to 9,2,0
2021-09-02,10 to 19,6,1
2021-09-02,20 to 29,16,1
2021-09-02,30 to 39,27,2
2021-09-02,40 to 49,30,3
2021-09-02,50 to 59,43,4
2021-09-02,60 to 69,32,4
2021-09-02,70 to 79,26,4
2021-09-02,80 to 89,8,0
2021-09-02,90+,5,0
2021-09-02,Total,195,19
2021-09-03,0 to 9,2,0
2021-09-03,10 to 19,6,1
2021-09-03,20 to 29,16,1
2021-09-03,30 to 39,27,2
2021-09-03,40 to 49,31,3
2021-09-03,50 to 59,45,4
2021-09-03,60 to 69,32,4
2021-09-03,70 to 79,26,4
2021-09-03,80 to 89,8,0
2021-09-03,90+,5,0
2021-09-03,Total,198,19
2021-09-04,0 to 9,2,0
2021-09-04,10 to 19,6,1
2021-09-04,20 to 29,17,1
2021-09-04,30 to 39,27,2
2021-09-04,40 to 49,34,3
2021-09-04,50 to 59,49,4
2021-09-04,60 to 69,33,4
2021-09-04,70 to 79,27,4
2021-09-04,80 to 89,8,0
2021-09-04,90+,5,0
2021-09-04,Total,208,19
2021-09-05,0 to 9,2,0
2021-09-05,10 to 19,6,1
2021-09-05,20 to 29,18,1
2021-09-05,30 to 39,29,2
2021-09-05,40 to 49,35,3
2021-09-05,50 to 59,51,4
2021-09-05,60 to 69,33,4
2021-09-05,70 to 79,27,4
2021-09-05,80 to 89,8,0
2021-09-05,90+,5,0
2021-09-05,Total,214,19
2021-09-06,0 to 9,2,0
2021-09-06,10 to 19,6,1
2021-09-06,20 to 29,18,1
2021-09-06,30 to 39,29,2
2021-09-06,40 to 49,35,3
2021-09-06,50 to 59,51,4
2021-09-06,60 to 69,33,4
2021-09-06,70 to 79,27,4
2021-09-06,80 to 89,8,0
2021-09-06,90+,5,0
2021-09-06,Total,214,19
2021-09-07,0 to 9,2,0
2021-09-07,10 to 19,6,1
2021-09-07,20 to 29,19,1
2021-09-07,30 to 39,30,2
2021-09-07,40 to 49,37,3
2021-09-07,50 to 59,52,4
2021-09-07,60 to 69,33,4
2021-09-07,70 to 79,27,4
2021-09-07,80 to 89,8,0
2021-09-07,90+,5,0
2021-09-07,Total,219,19
2021-09-08,0 to 9,2,0
2021-09-08,10 to 19,6,1
2021-09-08,20 to 29,20,1
2021-09-08,30 to 39,31,2
2021-09-08,40 to 49,38,3
2021-09-08,50 to 59,52,4
2021-09-08,60 to 69,34,4
2021-09-08,70 to 79,28,4
2021-09-08,80 to 89,8,0
2021-09-08,90+,5,0
2021-09-08,Total,224,19
2021-09-09,0 to 9,2,0
2021-09-09,10 to 19,6,1
2021-09-09,20 to 29,21,1
2021-09-09,30 to 39,31,2
2021-09-09,40 to 49,38,3
2021-09-09,50 to 59,52,4
2021-09-09,60 to 69,34,4
2021-09-09,70 to 79,28,4
2021-09-09,80 to 89,8,0
2021-09-09,90+,5,0
2021-09-09,Total,225,19
2021-09-10,0 to 9,2,0
2021-09-10,10 to 19,6,1
2021-09-10,20 to 29,21,1
2021-09-10,30 to 39,31,2
2021-09-10,40 to 49,39,3
2021-09-10,50 to 59,52,4
2021-09-10,60 to 69,35,4
2021-09-10,70 to 79,28,4
2021-09-10,80 to 89,8,0
2021-09-10,90+,5,0
2021-09-10,Total,227,19
2021-09-11,0 to 9,2,0
2021-09-11,10 to 19,6,1
2021-09-11,20 to 29,21,1
2021-09-11,30 to 39,31,2
2021-09-11,40 to 49,39,3
2021-09-11,50 to 59,53,4
2021-09-11,60 to 69,35,4
2021-09-11,70 to 79,28,4
2021-09-11,80 to 89,8,0
2021-09-11,90+,5,0
2021-09-11,Total,228,19
2021-09-13,0 to 9,3,0
2021-09-13,10 to 19,6,1
2021-09-13,20 to 29,23,1
2021-09-13,30 to 39,33,2
2021-09-13,40 to 49,40,3
2021-09-13,50 to 59,53,4
2021-09-13,60 to 69,35,4
2021-09-13,70 to 79,28,4
2021-09-13,80 to 89,8,0
2021-09-13,90+,5,0
2021-09-13,Total,234,19
2021-09-14,0 to 9,3,0
2021-09-14,10 to 19,6,1
2021-09-14,20 to 29,23,1
2021-09-14,30 to 39,32,2
2021-09-14,40 to 49,41,3
2021-09-14,50 to 59,53,4
2021-09-14,60 to 69,35,4
2021-09-14,70 to 79,30,4
2021-09-14,80 to 89,8,0
2021-09-14,90+,5,0
2021-09-14,Total,236,19
2021-09-17,0 to 9,4,0
2021-09-17,10 to 19,6,1
2021-09-17,20 to 29,23,1
2021-09-17,30 to 39,33,2
2021-09-17,40 to 49,41,3
2021-09-17,50 to 59,54,4
2021-09-17,60 to 69,35,4
2021-09-17,70 to 79,32,4
2021-09-17,80 to 89,8,0
2021-09-17,90+,5,0
2021-09-17,Total,241,19
2021-09-18,0 to 9,4,0
2021-09-18,10 to 19,6,1
2021-09-18,20 to 29,23,1
2021-09-18,30 to 39,33,2
2021-09-18,40 to 49,42,3
2021-09-18,50 to 59,54,4
2021-09-18,60 to 69,35,4
2021-09-18,70 to 79,32,4
2021-09-18,80 to 89,8,0
2021-09-18,90+,5,0
2021-09-18,Total,242,19
2021-09-19,0 to 9,4,0
2021-09-19,10 to 19,6,1
2021-09-19,20 to 29,23,1
2021-09-19,30 to 39,33,2
2021-09-19,40 to 49,42,3
2021-09-19,50 to 59,54,4
2021-09-19,60 to 69,35,4
2021-09-19,70 to 79,32,4
2021-09-19,80 to 89,8,0
2021-09-19,90+,5,0
2021-09-19,Total,242,19
2021-09-21,0 to 9,4,0
2021-09-21,10 to 19,7,1
2021-09-21,20 to 29,23,1
2021-09-21,30 to 39,34,2
2021-09-21,40 to 49,43,3
2021-09-21,50 to 59,54,4
2021-09-21,60 to 69,35,4
2021-09-21,70 to 79,32,4
2021-09-21,80 to 89,8,0
2021-09-21,90+,5,0
2021-09-21,Total,245,19
2021-09-22,0 to 9,4,0
2021-09-22,10 to 19,7,1
2021-09-22,20 to 29,23,1
2021-09-22,30 to 39,34,2
2021-09-22,40 to 49,43,3
2021-09-22,50 to 59,54,4
2021-09-22,60 to 69,35,4
2021-09-22,70 to 79,32,4
2021-09-22,80 to 89,8,0
2021-09-22,90+,5,0
2021-09-22,Total,245,19
2021-09-23,0 to 9,4,0
2021-09-23,10 to 19,7,1
2021-09-23,20 to 29,23,1
2021-09-23,30 to 39,34,2
2021-09-23,40 to 49,43,3
2021-09-23,50 to 59,55,4
2021-09-23,60 to 69,35,4
2021-09-23,70 to 79,32,4
2021-09-23,80 to 89,8,0
2021-09-23,90+,5,0
2021-09-23,Total,246,19
2021-09-24,0 to 9,4,0
2021-09-24,10 to 19,7,1
2021-09-24,20 to 29,23,1
2021-09-24,30 to 39,34,2
2021-09-24,40 to 49,43,3
2021-09-24,50 to 59,55,4
2021-09-24,60 to 69,35,4
2021-09-24,70 to 79,32,4
2021-09-24,80 to 89,8,0
2021-09-24,90+,5,0
2021-09-24,Total,246,19
2021-09-25,0 to 9,4,0
2021-09-25,10 to 19,7,1
2021-09-25,20 to 29,23,1
2021-09-25,30 to 39,34,2
2021-09-25,40 to 49,43,3
2021-09-25,50 to 59,56,4
2021-09-25,60 to 69,35,4
2021-09-25,70 to 79,32,4
2021-09-25,80 to 89,8,0
2021-09-25,90+,5,0
2021-09-25,Total,247,19
2021-09-26,0 to 9,4,0
2021-09-26,10 to 19,7,1
2021-09-26,20 to 29,23,1
2021-09-26,30 to 39,34,2
2021-09-26,40 to 49,43,3
2021-09-26,50 to 59,56,4
2021-09-26,60 to 69,35,4
2021-09-26,70 to 79,32,4
2021-09-26,80 to 89,8,0
2021-09-26,90+,5,0
2021-09-26,Total,247,19
2021-09-27,0 to 9,4,0
2021-09-27,10 to 19,7,1
2021-09-27,20 to 29,23,1
2021-09-27,30 to 39,34,2
2021-09-27,40 to 49,45,3
2021-09-27,50 to 59,56,4
2021-09-27,60 to 69,37,4
2021-09-27,70 to 79,32,4
2021-09-27,80 to 89,8,0
2021-09-27,90+,5,0
2021-09-27,Total,251,19
2021-09-28,0 to 9,4,0
2021-09-28,10 to 19,7,1
2021-09-28,20 to 29,24,1
2021-09-28,30 to 39,34,2
2021-09-28,40 to 49,45,3
2021-09-28,50 to 59,57,4
2021-09-28,60 to 69,38,4
2021-09-28,70 to 79,32,4
2021-09-28,80 to 89,8,0
2021-09-28,90+,5,0
2021-09-28,Total,254,19
2021-09-29,0 to 9,4,0
2021-09-29,10 to 19,7,1
2021-09-29,20 to 29,24,1
2021-09-29,30 to 39,35,2
2021-09-29,40 to 49,46,3
2021-09-29,50 to 59,59,4
2021-09-29,60 to 69,38,4
2021-09-29,70 to 79,32,4
2021-09-29,80 to 89,8,0
2021-09-29,90+,5,0
2021-09-29,Total,258,19
2021-09-30,0 to 9,4,0
2021-09-30,10 to 19,7,1
2021-09-30,20 to 29,24,1
2021-09-30,30 to 39,35,2
2021-09-30,40 to 49,46,3
2021-09-30,50 to 59,60,4
2021-09-30,60 to 69,38,4
2021-09-30,70 to 79,32,4
2021-09-30,80 to 89,8,0
2021-09-30,90+,6,0
2021-09-30,Total,260,19
2021-10-01,0 to 9,5,0
2021-10-01,10 to 19,7,1
2021-10-01,20 to 29,24,1
2021-10-01,30 to 39,35,2
2021-10-01,40 to 49,47,3
2021-10-01,50 to 59,60,4
2021-10-01,60 to 69,38,4
2021-10-01,70 to 79,32,4
2021-10-01,80 to 89,8,0
2021-10-01,90+,6,0
2021-10-01,Total,262,19
2021-10-02,0 to 9,5,0
2021-10-02,10 to 19,7,1
2021-10-02,20 to 29,26,1
2021-10-02,30 to 39,36,2
2021-10-02,40 to 49,51,3
2021-10-02,50 to 59,61,4
2021-10-02,60 to 69,38,4
2021-10-02,70 to 79,32,4
2021-10-02,80 to 89,8,0
2021-10-02,90+,6,0
2021-10-02,Total,270,19
2021-10-03,0 to 9,5,0
2021-10-03,10 to 19,7,1
2021-10-03,20 to 29,26,1
2021-10-03,30 to 39,37,2
2021-10-03,40 to 49,51,3
2021-10-03,50 to 59,61,4
2021-10-03,60 to 69,38,4
2021-10-03,70 to 79,32,4
2021-10-03,80 to 89,8,0
2021-10-03,90+,6,0
2021-10-03,Total,271,19
2021-10-04,0 to 9,5,0
2021-10-04,10 to 19,7,1
2021-10-04,20 to 29,27,1
2021-10-04,30 to 39,37,2
2021-10-04,40 to 49,52,3
2021-10-04,50 to 59,63,4
2021-10-04,60 to 69,38,4
2021-10-04,70 to 79,32,4
2021-10-04,80 to 89,8,0
2021-10-04,90+,6,0
2021-10-04,Total,275,19
2021-10-05,0 to 9,5,0
2021-10-05,10 to 19,7,1
2021-10-05,20 to 29,27,1
2021-10-05,30 to 39,38,2
2021-10-05,40 to 49,54,3
2021-10-05,50 to 59,64,4
2021-10-05,60 to 69,38,4
2021-10-05,70 to 79,32,4
2021-10-05,80 to 89,8,0
2021-10-05,90+,6,0
2021-10-05,Total,279,19
2021-10-06,0 to 9,6,0
2021-10-06,10 to 19,7,1
2021-10-06,20 to 29,28,1
2021-10-06,30 to 39,38,2
2021-10-06,40 to 49,54,3
2021-10-06,50 to 59,65,4
2021-10-06,60 to 69,38,4
2021-10-06,70 to 79,32,4
2021-10-06,80 to 89,8,0
2021-10-06,90+,6,0
2021-10-06,Total,282,19
2021-10-07,0 to 9,6,0
2021-10-07,10 to 19,7,1
2021-10-07,20 to 29,28,1
2021-10-07,30 to 39,38,2
2021-10-07,40 to 49,54,3
2021-10-07,50 to 59,65,4
2021-10-07,60 to 69,38,4
2021-10-07,70 to 79,32,4
2021-10-07,80 to 89,8,0
2021-10-07,90+,6,0
2021-10-07,Total,282,19
2021-10-08,0 to 9,6,0
2021-10-08,10 to 19,7,1
2021-10-08,20 to 29,28,1
2021-10-08,30 to 39,38,2
2021-10-08,40 to 49,55,3
2021-10-08,50 to 59,66,4
2021-10-08,60 to 69,38,4
2021-10-08,70 to 79,32,4
2021-10-08,80 to 89,8,0
2021-10-08,90+,6,0
2021-10-08,Total,284,19
2021-10-09,0 to 9,6,0
2021-10-09,10 to 19,7,1
2021-10-09,20 to 29,29,1
2021-10-09,30 to 39,38,2
2021-10-09,40 to 49,55,3
2021-10-09,50 to 59,67,4
2021-10-09,60 to 69,38,4
2021-10-09,70 to 79,32,4
2021-10-09,80 to 89,8,0
2021-10-09,90+,6,0
2021-10-09,Total,286,19
2021-10-10,0 to 9,6,0
2021-10-10,10 to 19,7,1
2021-10-10,20 to 29,30,1
2021-10-10,30 to 39,38,2
2021-10-10,40 to 49,58,3
2021-10-10,50 to 59,73,4
2021-10-10,60 to 69,39,4
2021-10-10,70 to 79,32,4
2021-10-10,80 to 89,8,0
2021-10-10,90+,6,0
2021-10-10,Total,297,19
2021-10-11,0 to 9,6,0
2021-10-11,10 to 19,7,1
2021-10-11,20 to 29,30,1
2021-10-11,30 to 39,38,2
2021-10-11,40 to 49,58,3
2021-10-11,50 to 59,74,4
2021-10-11,60 to 69,39,4
2021-10-11,70 to 79,32,4
2021-10-11,80 to 89,8,0
2021-10-11,90+,6,0
2021-10-11,Total,298,19
2021-10-12,0 to 9,7,0
2021-10-12,10 to 19,7,1
2021-10-12,20 to 29,32,1
2021-10-12,30 to 39,39,2
2021-10-12,40 to 49,59,3
2021-10-12,50 to 59,74,4
2021-10-12,60 to 69,39,4
2021-10-12,70 to 79,32,4
2021-10-12,80 to 89,8,0
2021-10-12,90+,6,0
2021-10-12,Total,303,19
2021-10-13,0 to 9,8,0
2021-10-13,10 to 19,7,1
2021-10-13,20 to 29,33,1
2021-10-13,30 to 39,40,2
2021-10-13,40 to 49,61,3
2021-10-13,50 to 59,74,4
2021-10-13,60 to 69,40,4
2021-10-13,70 to 79,32,4
2021-10-13,80 to 89,8,0
2021-10-13,90+,6,0
2021-10-13,Total,309,19
2021-10-14,0 to 9,8,0
2021-10-14,10 to 19,8,1
2021-10-14,20 to 29,33,1
2021-10-14,30 to 39,40,2
2021-10-14,40 to 49,61,3
2021-10-14,50 to 59,74,4
2021-10-14,60 to 69,40,4
2021-10-14,70 to 79,32,4
2021-10-14,80 to 89,8,0
2021-10-14,90+,6,0
2021-10-14,Total,310,19
2021-10-15,0 to 9,8,0
2021-10-15,10 to 19,8,1
2021-10-15,20 to 29,33,3
2021-10-15,30 to 39,42,6
2021-10-15,40 to 49,62,7
2021-10-15,50 to 59,74,11
2021-10-15,60 to 69,40,9
2021-10-15,70 to 79,32,4
2021-10-15,80 to 89,8,0
2021-10-15,90+,6,0
2021-10-15,Total,313,41
2021-10-16,0 to 9,8,0
2021-10-16,10 to 19,8,1
2021-10-16,20 to 29,34,3
2021-10-16,30 to 39,42,6
2021-10-16,40 to 49,62,7
2021-10-16,50 to 59,75,11
2021-10-16,60 to 69,40,9
2021-10-16,70 to 79,32,4
2021-10-16,80 to 89,8,0
2021-10-16,90+,6,0
2021-10-16,Total,315,41
2021-10-17,0 to 9,8,0
2021-10-17,10 to 19,8,1
2021-10-17,20 to 29,34,3
2021-10-17,30 to 39,43,6
2021-10-17,40 to 49,63,7
2021-10-17,50 to 59,76,11
2021-10-17,60 to 69,40,9
2021-10-17,70 to 79,32,4
2021-10-17,80 to 89,8,0
2021-10-17,90+,6,0
2021-10-17,Total,318,41
2021-10-18,0 to 9,8,0
2021-10-18,10 to 19,8,1
2021-10-18,20 to 29,35,3
2021-10-18,30 to 39,43,6
2021-10-18,40 to 49,63,7
2021-10-18,50 to 59,76,11
2021-10-18,60 to 69,40,9
2021-10-18,70 to 79,32,4
2021-10-18,80 to 89,8,0
2021-10-18,90+,6,0
2021-10-18,Total,319,41
2021-10-19,0 to 9,8,0
2021-10-19,10 to 19,8,1
2021-10-19,20 to 29,35,3
2021-10-19,30 to 39,44,6
2021-10-19,40 to 49,63,7
2021-10-19,50 to 59,76,11
2021-10-19,60 to 69,41,9
2021-10-19,70 to 79,32,4
2021-10-19,80 to 89,8,0
2021-10-19,90+,6,0
2021-10-19,Total,321,41
2021-10-20,0 to 9,8,0
2021-10-20,10 to 19,8,1
2021-10-20,20 to 29,36,3
2021-10-20,30 to 39,46,6
2021-10-20,40 to 49,64,7
2021-10-20,50 to 59,78,11
2021-10-20,60 to 69,41,9
2021-10-20,70 to 79,33,4
2021-10-20,80 to 89,8,0
2021-10-20,90+,6,0
2021-10-20,Total,328,41
2021-10-21,0 to 9,8,0
2021-10-21,10 to 19,8,1
2021-10-21,20 to 29,40,3
2021-10-21,30 to 39,48,6
2021-10-21,40 to 49,64,7
2021-10-21,50 to 59,78,11
2021-10-21,60 to 69,43,9
2021-10-21,70 to 79,33,4
2021-10-21,80 to 89,8,0
2021-10-21,90+,6,0
2021-10-21,Total,336,41
2021-10-22,0 to 9,8,0
2021-10-22,10 to 19,10,1
2021-10-22,20 to 29,41,3
2021-10-22,30 to 39,50,6
2021-10-22,40 to 49,67,7
2021-10-22,50 to 59,79,11
2021-10-22,60 to 69,44,9
2021-10-22,70 to 79,33,4
2021-10-22,80 to 89,9,0
2021-10-22,90+,6,0
2021-10-22,Total,347,41
2021-10-23,0 to 9,8,0
2021-10-23,10 to 19,10,1
2021-10-23,20 to 29,43,3
2021-10-23,30 to 39,52,6
2021-10-23,40 to 49,67,7
2021-10-23,50 to 59,79,11
2021-10-23,60 to 69,44,9
2021-10-23,70 to 79,33,4
2021-10-23,80 to 89,9,0
2021-10-23,90+,6,0
2021-10-23,Total,351,41
2021-10-25,0 to 9,9,0
2021-10-25,10 to 19,9,1
2021-10-25,20 to 29,45,3
2021-10-25,30 to 39,61,6
2021-10-25,40 to 49,69,7
2021-10-25,50 to 59,79,11
2021-10-25,60 to 69,44,9
2021-10-25,70 to 79,33,4
2021-10-25,80 to 89,9,0
2021-10-25,90+,6,0
2021-10-25,Total,364,41
2021-10-26,0 to 9,9,0
2021-10-26,10 to 19,9,1
2021-10-26,20 to 29,46,3
2021-10-26,30 to 39,60,6
2021-10-26,40 to 49,69,7
2021-10-26,50 to 59,79,11
2021-10-26,60 to 69,44,9
2021-10-26,70 to 79,33,4
2021-10-26,80 to 89,9,0
2021-10-26,90+,6,0
2021-10-26,Total,364,41
2021-10-27,0 to 9,9,0
2021-10-27,10 to 19,9,1
2021-10-27,20 to 29,48,3
2021-10-27,30 to 39,61,6
2021-10-27,40 to 49,72,7
2021-10-27,50 to 59,80,11
2021-10-27,60 to 69,44,9
2021-10-27,70 to 79,33,4
2021-10-27,80 to 89,9,0
2021-10-27,90+,6,0
2021-10-27,Total,371,41
2021-10-28,0 to 9,10,0
2021-10-28,10 to 19,9,1
2021-10-28,20 to 29,49,3
2021-10-28,30 to 39,62,6
2021-10-28,40 to 49,73,7
2021-10-28,50 to 59,81,11
2021-10-28,60 to 69,44,9
2021-10-28,70 to 79,33,4
2021-10-28,80 to 89,9,0
2021-10-28,90+,6,0
2021-10-28,Total,376,41
2021-10-29,0 to 9,11,0
2021-10-29,10 to 19,9,1
2021-10-29,20 to 29,50,3
2021-10-29,30 to 39,63,6
2021-10-29,40 to 49,73,7
2021-10-29,50 to 59,81,11
2021-10-29,60 to 69,45,9
2021-10-29,70 to 79,33,4
2021-10-29,80 to 89,10,0
2021-10-29,90+,6,0
2021-10-29,Total,381,41
2021-10-30,0 to 9,12,0
2021-10-30,10 to 19,9,1
2021-10-30,20 to 29,50,3
2021-10-30,30 to 39,63,6
2021-10-30,40 to 49,75,7
2021-10-30,50 to 59,84,11
2021-10-30,60 to 69,45,9
2021-10-30,70 to 79,33,4
2021-10-30,80 to 89,10,0
2021-10-30,90+,6,0
2021-10-30,Total,387,41
2021-10-31,0 to 9,12,0
2021-10-31,10 to 19,9,1
2021-10-31,20 to 29,53,3
2021-10-31,30 to 39,64,6
2021-10-31,40 to 49,77,7
2021-10-31,50 to 59,85,11
2021-10-31,60 to 69,45,9
2021-10-31,70 to 79,33,4
2021-10-31,80 to 89,11,0
2021-10-31,90+,6,0
2021-10-31,Total,395,41
2021-11-01,0 to 9,13,0
2021-11-01,10 to 19,9,1
2021-11-01,20 to 29,53,3
2021-11-01,30 to 39,66,6
2021-11-01,40 to 49,77,7
2021-11-01,50 to 59,87,11
2021-11-01,60 to 69,45,9
2021-11-01,70 to 79,33,4
2021-11-01,80 to 89,11,0
2021-11-01,90+,6,0
2021-11-01,Total,400,41
2021-11-02,0 to 9,13,0
2021-11-02,10 to 19,9,1
2021-11-02,20 to 29,54,3
2021-11-02,30 to 39,66,6
2021-11-02,40 to 49,78,7
2021-11-02,50 to 59,88,11
2021-11-02,60 to 69,45,9
2021-11-02,70 to 79,33,4
2021-11-02,80 to 89,11,0
2021-11-02,90+,6,0
2021-11-02,Total,403,41
2021-11-03,0 to 9,14,0
2021-11-03,10 to 19,9,1
2021-11-03,20 to 29,55,3
2021-11-03,30 to 39,66,6
2021-11-03,40 to 49,80,7
2021-11-03,50 to 59,90,11
2021-11-03,60 to 69,47,9
2021-11-03,70 to 79,34,4
2021-11-03,80 to 89,11,0
2021-11-03,90+,6,0
2021-11-03,Total,412,41
2021-11-05,0 to 9,14,0
2021-11-05,10 to 19,9,1
2021-11-05,20 to 29,58,3
2021-11-05,30 to 39,69,6
2021-11-05,40 to 49,83,7
2021-11-05,50 to 59,93,11
2021-11-05,60 to 69,48,9
2021-11-05,70 to 79,34,4
2021-11-05,80 to 89,11,0
2021-11-05,90+,6,0
2021-11-05,Total,425,41
2021-11-11,0 to 9,16,0
2021-11-11,10 to 19,9,1
2021-11-11,20 to 29,61,3
2021-11-11,30 to 39,75,6
2021-11-11,40 to 49,86,7
2021-11-11,50 to 59,103,12
2021-11-11,60 to 69,53,10
2021-11-11,70 to 79,34,4
2021-11-11,80 to 89,12,0
2021-11-11,90+,6,0
2021-11-11,Total,455,43
2021-11-15,0 to 9,17,0
2021-11-15,10 to 19,11,1
2021-11-15,20 to 29,68,3
2021-11-15,30 to 39,81,6
2021-11-15,40 to 49,88,7
2021-11-15,50 to 59,106,12
2021-11-15,60 to 69,54,10
2021-11-15,70 to 79,35,4
2021-11-15,80 to 89,12,0
2021-11-15,90+,7,0
2021-11-15,Total,479,43
2021-11-17,0 to 9,21,0
2021-11-17,10 to 19,12,1
2021-11-17,20 to 29,73,3
2021-11-17,30 to 39,84,6
2021-11-17,40 to 49,88,7
2021-11-17,50 to 59,108,12
2021-11-17,60 to 69,55,10
2021-11-17,70 to 79,38,4
2021-11-17,80 to 89,12,0
2021-11-17,90+,7,0
2021-11-17,Total,498,43
2021-11-18,0 to 9,21,0
2021-11-18,10 to 19,13,1
2021-11-18,20 to 29,75,3
2021-11-18,30 to 39,84,6
2021-11-18,40 to 49,88,7
2021-11-18,50 to 59,110,12
2021-11-18,60 to 69,55,10
2021-11-18,70 to 79,39,4
2021-11-18,80 to 89,12,0
2021-11-18,90+,7,0
2021-11-18,Total,504,43
2021-11-20,0 to 9,23,0
2021-11-20,10 to 19,13,1
2021-11-20,20 to 29,76,3
2021-11-20,30 to 39,87,6
2021-11-20,40 to 49,89,7
2021-11-20,50 to 59,110,12
2021-11-20,60 to 69,55,10
2021-11-20,70 to 79,39,4
2021-11-20,80 to 89,12,0
2021-11-20,90+,8,0
2021-11-20,Total,512,43
2021-11-21,0 to 9,24,0
2021-11-21,10 to 19,13,1
2021-11-21,20 to 29,77,3
2021-11-21,30 to 39,89,6
2021-11-21,40 to 49,89,7
2021-11-21,50 to 59,111,12
2021-11-21,60 to 69,56,10
2021-11-21,70 to 79,39,4
2021-11-21,80 to 89,12,0
2021-11-21,90+,8,0
2021-11-21,Total,518,43
2021-11-22,0 to 9,26,0
2021-11-22,10 to 19,13,1
2021-11-22,20 to 29,78,3
2021-11-22,30 to 39,90,6
2021-11-22,40 to 49,93,8
2021-11-22,50 to 59,111,12
2021-11-22,60 to 69,57,10
2021-11-22,70 to 79,39,4
2021-11-22,80 to 89,12,0
2021-11-22,90+,8,0
2021-11-22,Total,527,44
2021-11-23,0 to 9,28,0
2021-11-23,10 to 19,13,1
2021-11-23,20 to 29,78,3
2021-11-23,30 to 39,92,6
2021-11-23,40 to 49,94,8
2021-11-23,50 to 59,113,13
2021-11-23,60 to 69,57,10
2021-11-23,70 to 79,39,4
2021-11-23,80 to 89,12,0
2021-11-23,90+,8,0
2021-11-23,Total,534,45
2021-11-24,0 to 9,28,0
2021-11-24,10 to 19,13,1
2021-11-24,20 to 29,80,3
2021-11-24,30 to 39,94,6
2021-11-24,40 to 49,94,8
2021-11-24,50 to 59,115,13
2021-11-24,60 to 69,57,10
2021-11-24,70 to 79,40,4
2021-11-24,80 to 89,12,0
2021-11-24,90+,8,0
2021-11-24,Total,541,45
2021-11-25,0 to 9,28,0
2021-11-25,10 to 19,13,1
2021-11-25,20 to 29,82,3
2021-11-25,30 to 39,97,6
2021-11-25,40 to 49,94,8
2021-11-25,50 to 59,117,14
2021-11-25,60 to 69,57,10
2021-11-25,70 to 79,40,4
2021-11-25,80 to 89,12,0
2021-11-25,90+,8,0
2021-11-25,Total,548,46
2021-11-26,0 to 9,29,0
2021-11-26,10 to 19,14,1
2021-11-26,20 to 29,82,3
2021-11-26,30 to 39,99,6
2021-11-26,40 to 49,95,8
2021-11-26,50 to 59,119,15
2021-11-26,60 to 69,57,10
2021-11-26,70 to 79,40,4
2021-11-26,80 to 89,13,0
2021-11-26,90+,9,0
2021-11-26,Total,557,47
2021-11-27,0 to 9,29,0
2021-11-27,10 to 19,14,1
2021-11-27,20 to 29,82,3
2021-11-27,30 to 39,99,6
2021-11-27,40 to 49,96,8
2021-11-27,50 to 59,120,16
2021-11-27,60 to 69,58,11
2021-11-27,70 to 79,40,4
2021-11-27,80 to 89,13,0
2021-11-27,90+,9,0
2021-11-27,Total,560,49
2021-11-28,0 to 9,30,0
2021-11-28,10 to 19,14,1
2021-11-28,20 to 29,85,3
2021-11-28,30 to 39,99,6
2021-11-28,40 to 49,98,8
2021-11-28,50 to 59,124,16
2021-11-28,60 to 69,58,11
2021-11-28,70 to 79,40,4
2021-11-28,80 to 89,13,1
2021-11-28,90+,9,0
2021-11-28,Total,570,50
2021-11-29,0 to 9,34,0
2021-11-29,10 to 19,14,1
2021-11-29,20 to 29,88,3
2021-11-29,30 to 39,102,6
2021-11-29,40 to 49,99,8
2021-11-29,50 to 59,125,16
2021-11-29,60 to 69,58,11
2021-11-29,70 to 79,40,4
2021-11-29,80 to 89,13,1
2021-11-29,90+,9,0
2021-11-29,Total,582,50
2021-11-30,0 to 9,34,0
2021-11-30,10 to 19,14,1
2021-11-30,20 to 29,88,3
2021-11-30,30 to 39,102,6
2021-11-30,40 to 49,101,8
2021-11-30,50 to 59,125,16
2021-11-30,60 to 69,58,11
2021-11-30,70 to 79,40,4
2021-11-30,80 to 89,14,1
2021-11-30,90+,9,0
2021-11-30,Total,585,50
2021-12-01,0 to 9,35,0
2021-12-01,10 to 19,14,1
2021-12-01,20 to 29,88,3
2021-12-01,30 to 39,103,6
2021-12-01,40 to 49,101,8
2021-12-01,50 to 59,125,16
2021-12-01,60 to 69,58,11
2021-12-01,70 to 79,41,4
2021-12-01,80 to 89,14,1
2021-12-01,90+,9,0
2021-12-01,Total,588,50
2021-12-02,0 to 9,37,0
2021-12-02,10 to 19,14,1
2021-12-02,20 to 29,89,3
2021-12-02,30 to 39,106,6
2021-12-02,40 to 49,102,8
2021-12-02,50 to 59,127,16
2021-12-02,60 to 69,58,11
2021-12-02,70 to 79,41,4
2021-12-02,80 to 89,14,1
2021-12-02,90+,9,0
2021-12-02,Total,597,50
2021-12-03,0 to 9,37,0
2021-12-03,10 to 19,14,1
2021-12-03,20 to 29,90,3
2021-12-03,30 to 39,106,6
2021-12-03,40 to 49,103,8
2021-12-03,50 to 59,128,16
2021-12-03,60 to 69,58,11
2021-12-03,70 to 79,41,4
2021-12-03,80 to 89,14,1
2021-12-03,90+,9,0
2021-12-03,Total,600,50
2021-12-04,0 to 9,36,0
2021-12-04,10 to 19,14,1
2021-12-04,20 to 29,90,4
2021-12-04,30 to 39,107,6
2021-12-04,40 to 49,103,8
2021-12-04,50 to 59,129,16
2021-12-04,60 to 69,58,11
2021-12-04,70 to 79,41,4
2021-12-04,80 to 89,14,1
2021-12-04,90+,9,0
2021-12-04,Total,601,51
2021-12-05,0 to 9,36,0
2021-12-05,10 to 19,14,1
2021-12-05,20 to 29,90,4
2021-12-05,30 to 39,110,6
2021-12-05,40 to 49,103,8
2021-12-05,50 to 59,129,16
2021-12-05,60 to 69,59,11
2021-12-05,70 to 79,41,4
2021-12-05,80 to 89,14,1
2021-12-05,90+,9,0
2021-12-05,Total,605,51
2021-12-06,0 to 9,36,0
2021-12-06,10 to 19,14,1
2021-12-06,20 to 29,91,4
2021-12-06,30 to 39,111,6
2021-12-06,40 to 49,106,8
2021-12-06,50 to 59,131,16
2021-12-06,60 to 69,61,11
2021-12-06,70 to 79,42,4
2021-12-06,80 to 89,14,1
2021-12-06,90+,9,0
2021-12-06,Total,615,51
2021-12-07,0 to 9,36,0
2021-12-07,10 to 19,16,1
2021-12-07,20 to 29,92,4
2021-12-07,30 to 39,112,6
2021-12-07,40 to 49,108,8
2021-12-07,50 to 59,132,16
2021-12-07,60 to 69,61,11
2021-12-07,70 to 79,42,4
2021-12-07,80 to 89,14,1
2021-12-07,90+,9,0
2021-12-07,Total,622,51
2021-12-08,0 to 9,36,0
2021-12-08,10 to 19,16,1
2021-12-08,20 to 29,92,4
2021-12-08,30 to 39,113,6
2021-12-08,40 to 49,109,8
2021-12-08,50 to 59,134,16
2021-12-08,60 to 69,61,11
2021-12-08,70 to 79,43,4
2021-12-08,80 to 89,14,1
2021-12-08,90+,9,0
2021-12-08,Total,627,51
2021-12-09,0 to 9,36,0
2021-12-09,10 to 19,16,1
2021-12-09,20 to 29,92,4
2021-12-09,30 to 39,114,6
2021-12-09,40 to 49,109,8
2021-12-09,50 to 59,134,16
2021-12-09,60 to 69,62,11
2021-12-09,70 to 79,43,4
2021-12-09,80 to 89,14,1
2021-12-09,90+,9,0
2021-12-09,Total,629,51
2021-12-10,0 to 9,36,0
2021-12-10,10 to 19,16,1
2021-12-10,20 to 29,92,4
2021-12-10,30 to 39,115,6
2021-12-10,40 to 49,109,8
2021-12-10,50 to 59,134,16
2021-12-10,60 to 69,62,11
2021-12-10,70 to 79,43,4
2021-12-10,80 to 89,14,1
2021-12-10,90+,9,0
2021-12-10,Total,630,51
2021-12-11,0 to 9,36,0
2021-12-11,10 to 19,16,1
2021-12-11,20 to 29,92,4
2021-12-11,30 to 39,115,7
2021-12-11,40 to 49,109,8
2021-12-11,50 to 59,134,16
2021-12-11,60 to 69,62,11
2021-12-11,70 to 79,44,4
2021-12-11,80 to 89,14,1
2021-12-11,90+,9,0
2021-12-11,Total,631,52
2021-12-12,0 to 9,36,0
2021-12-12,10 to 19,16,1
2021-12-12,20 to 29,92,4
2021-12-12,30 to 39,115,7
2021-12-12,40 to 49,109,8
2021-12-12,50 to 59,134,16
2021-12-12,60 to 69,63,11
2021-12-12,70 to 79,44,4
2021-12-12,80 to 89,14,1
2021-12-12,90+,9,0
2021-12-12,Total,632,52
2021-12-13,0 to 9,36,0
2021-12-13,10 to 19,17,1
2021-12-13,20 to 29,92,4
2021-12-13,30 to 39,116,7
2021-12-13,40 to 49,110,8
2021-12-13,50 to 59,134,16
2021-12-13,60 to 69,63,11
2021-12-13,70 to 79,44,4
2021-12-13,80 to 89,14,1
2021-12-13,90+,9,0
2021-12-13,Total,635,52
2021-12-14,0 to 9,36,0
2021-12-14,10 to 19,17,1
2021-12-14,20 to 29,93,4
2021-12-14,30 to 39,117,8
2021-12-14,40 to 49,110,8
2021-12-14,50 to 59,135,16
2021-12-14,60 to 69,63,11
2021-12-14,70 to 79,44,4
2021-12-14,80 to 89,14,1
2021-12-14,90+,9,0
2021-12-14,Total,638,53
2021-12-15,0 to 9,36,0
2021-12-15,10 to 19,19,1
2021-12-15,20 to 29,96,4
2021-12-15,30 to 39,120,8
2021-12-15,40 to 49,110,8
2021-12-15,50 to 59,136,17
2021-12-15,60 to 69,63,11
2021-12-15,70 to 79,44,4
2021-12-15,80 to 89,15,1
2021-12-15,90+,9,0
2021-12-15,Total,648,54
2021-12-16,0 to 9,37,0
2021-12-16,10 to 19,19,1
2021-12-16,20 to 29,97,4
2021-12-16,30 to 39,120,8
2021-12-16,40 to 49,111,8
2021-12-16,50 to 59,137,17
2021-12-16,60 to 69,64,11
2021-12-16,70 to 79,44,4
2021-12-16,80 to 89,18,1
2021-12-16,90+,9,0
2021-12-16,Total,656,54
2021-12-17,0 to 9,39,0
2021-12-17,10 to 19,19,1
2021-12-17,20 to 29,97,4
2021-12-17,30 to 39,120,8
2021-12-17,40 to 49,112,8
2021-12-17,50 to 59,137,17
2021-12-17,60 to 69,64,11
2021-12-17,70 to 79,44,4
2021-12-17,80 to 89,18,1
2021-12-17,90+,9,0
2021-12-17,Total,659,54
2021-12-18,0 to 9,39,0
2021-12-18,10 to 19,19,1
2021-12-18,20 to 29,97,4
2021-12-18,30 to 39,121,8
2021-12-18,40 to 49,112,8
2021-12-18,50 to 59,137,17
2021-12-18,60 to 69,64,11
2021-12-18,70 to 79,44,4
2021-12-18,80 to 89,18,1
2021-12-18,90+,9,0
2021-12-18,Total,660,54
2021-12-18,0 to 9,39,0
2021-12-18,10 to 19,19,1
2021-12-18,20 to 29,97,4
2021-12-18,30 to 39,121,8
2021-12-18,40 to 49,113,8
2021-12-18,50 to 59,137,17
2021-12-18,60 to 69,64,11
2021-12-18,70 to 79,44,4
2021-12-18,80 to 89,18,1
2021-12-18,90+,9,0
2021-12-18,Total,661,54
2021-12-19,0 to 9,39,0
2021-12-19,10 to 19,19,1
2021-12-19,20 to 29,97,4
2021-12-19,30 to 39,121,8
2021-12-19,40 to 49,113,8
2021-12-19,50 to 59,137,17
2021-12-19,60 to 69,64,11
2021-12-19,70 to 79,44,4
2021-12-19,80 to 89,18,1
2021-12-19,90+,9,0
2021-12-19,Total,661,54
2021-12-19,0 to 9,39,0
2021-12-19,10 to 19,21,1
2021-12-19,20 to 29,97,4
2021-12-19,30 to 39,121,8
2021-12-19,40 to 49,114,8
2021-12-19,50 to 59,137,17
2021-12-19,60 to 69,64,11
2021-12-19,70 to 79,44,4
2021-12-19,80 to 89,19,1
2021-12-19,90+,9,0
2021-12-19,Total,665,54
2021-12-20,0 to 9,39,0
2021-12-20,10 to 19,21,1
2021-12-20,20 to 29,98,4
2021-12-20,30 to 39,122,8
2021-12-20,40 to 49,114,8
2021-12-20,50 to 59,138,17
2021-12-20,60 to 69,67,11
2021-12-20,70 to 79,44,4
2021-12-20,80 to 89,19,1
2021-12-20,90+,9,0
2021-12-20,Total,672,54
2021-12-21,0 to 9,39,0
2021-12-21,10 to 19,21,1
2021-12-21,20 to 29,98,4
2021-12-21,30 to 39,123,8
2021-12-21,40 to 49,115,8
2021-12-21,50 to 59,139,17
2021-12-21,60 to 69,67,11
2021-12-21,70 to 79,44,4
2021-12-21,80 to 89,19,1
2021-12-21,90+,9,0
2021-12-21,Total,675,54
2021-12-22,0 to 9,41,0
2021-12-22,10 to 19,21,1
2021-12-22,20 to 29,101,4
2021-12-22,30 to 39,124,8
2021-12-22,40 to 49,116,8
2021-12-22,50 to 59,140,18
2021-12-22,60 to 69,68,11
2021-12-22,70 to 79,44,4
2021-12-22,80 to 89,19,1
2021-12-22,90+,9,0
2021-12-22,Total,683,55
2021-12-23,0 to 9,41,0
2021-12-23,10 to 19,21,1
2021-12-23,20 to 29,102,4
2021-12-23,30 to 39,124,8
2021-12-23,40 to 49,116,8
2021-12-23,50 to 59,141,18
2021-12-23,60 to 69,68,11
2021-12-23,70 to 79,44,4
2021-12-23,80 to 89,19,1
2021-12-23,90+,9,0
2021-12-23,Total,685,55
2021-12-25,0 to 9,43,0
2021-12-25,10 to 19,21,1
2021-12-25,20 to 29,104,4
2021-12-25,30 to 39,128,9
2021-12-25,40 to 49,117,8
2021-12-25,50 to 59,142,19
2021-12-25,60 to 69,68,11
2021-12-25,70 to 79,44,4
2021-12-25,80 to 89,19,1
2021-12-25,90+,9,0
2021-12-25,Total,695,57
2021-12-26,0 to 9,43,0
2021-12-26,10 to 19,21,1
2021-12-26,20 to 29,105,4
2021-12-26,30 to 39,130,9
2021-12-26,40 to 49,118,8
2021-12-26,50 to 59,143,19
2021-12-26,60 to 69,68,11
2021-12-26,70 to 79,44,4
2021-12-26,80 to 89,19,1
2021-12-26,90+,9,0
2021-12-26,Total,700,57
2021-12-27,0 to 9,43,0
2021-12-27,10 to 19,21,1
2021-12-27,20 to 29,105,4
2021-12-27,30 to 39,130,9
2021-12-27,40 to 49,119,8
2021-12-27,50 to 59,142,19
2021-12-27,60 to 69,68,11
2021-12-27,70 to 79,44,4
2021-12-27,80 to 89,19,1
2021-12-27,90+,9,0
2021-12-27,Total,700,57
2021-12-28,0 to 9,43,0
2021-12-28,10 to 19,21,1
2021-12-28,20 to 29,106,4
2021-12-28,30 to 39,130,9
2021-12-28,40 to 49,119,8
2021-12-28,50 to 59,142,19
2021-12-28,60 to 69,67,11
2021-12-28,70 to 79,45,4
2021-12-28,80 to 89,19,1
2021-12-28,90+,9,0
2021-12-28,Total,701,57
2021-12-29,0 to 9,44,0
2021-12-29,10 to 19,21,1
2021-12-29,20 to 29,107,4
2021-12-29,30 to 39,131,9
2021-12-29,40 to 49,120,8
2021-12-29,50 to 59,142,19
2021-12-29,60 to 69,68,11
2021-12-29,70 to 79,44,4
2021-12-29,80 to 89,19,1
2021-12-29,90+,9,0
2021-12-29,Total,705,57
2021-12-30,0 to 9,44,0
2021-12-30,10 to 19,21,1
2021-12-30,20 to 29,108,4
2021-12-30,30 to 39,132,9
2021-12-30,40 to 49,120,8
2021-12-30,50 to 59,143,19
2021-12-30,60 to 69,69,11
2021-12-30,70 to 79,44,4
2021-12-30,80 to 89,20,1
2021-12-30,90+,9,0
2021-12-30,Total,710,57
2022-01-01,0 to 9,44,0
2022-01-01,10 to 19,21,1
2022-01-01,20 to 29,109,4
2022-01-01,30 to 39,133,9
2022-01-01,40 to 49,121,8
2022-01-01,50 to 59,144,19
2022-01-01,60 to 69,69,11
2022-01-01,70 to 79,44,4
2022-01-01,80 to 89,20,1
2022-01-01,90+,9,0
2022-01-01,Total,714,57
2022-01-02,0 to 9,44,0
2022-01-02,10 to 19,21,1
2022-01-02,20 to 29,109,4
2022-01-02,30 to 39,134,9
2022-01-02,40 to 49,121,8
2022-01-02,50 to 59,144,19
2022-01-02,60 to 69,69,11
2022-01-02,70 to 79,44,4
2022-01-02,80 to 89,21,1
2022-01-02,90+,9,0
2022-01-02,Total,716,57
2022-01-03,0 to 9,44,0
2022-01-03,10 to 19,22,1
2022-01-03,20 to 29,110,4
2022-01-03,30 to 39,135,9
2022-01-03,40 to 49,122,8
2022-01-03,50 to 59,143,19
2022-01-03,60 to 69,69,11
2022-01-03,70 to 79,44,4
2022-01-03,80 to 89,21,1
2022-01-03,90+,9,0
2022-01-03,Total,719,57
2022-01-04,0 to 9,44,0
2022-01-04,10 to 19,22,1
2022-01-04,20 to 29,110,4
2022-01-04,30 to 39,135,9
2022-01-04,40 to 49,122,8
2022-01-04,50 to 59,145,20
2022-01-04,60 to 69,69,11
2022-01-04,70 to 79,44,4
2022-01-04,80 to 89,21,1
2022-01-04,90+,9,0
2022-01-04,Total,721,58
2022-01-05,0 to 9,44,0
2022-01-05,10 to 19,22,1
2022-01-05,20 to 29,110,4
2022-01-05,30 to 39,135,9
2022-01-05,40 to 49,122,8
2022-01-05,50 to 59,147,20
2022-01-05,60 to 69,69,11
2022-01-05,70 to 79,44,4
2022-01-05,80 to 89,21,1
2022-01-05,90+,9,0
2022-01-05,Total,723,58
2022-01-06,0 to 9,45,0
2022-01-06,10 to 19,23,1
2022-01-06,20 to 29,111,4
2022-01-06,30 to 39,135,9
2022-01-06,40 to 49,124,8
2022-01-06,50 to 59,147,20
2022-01-06,60 to 69,70,11
2022-01-06,70 to 79,44,4
2022-01-06,80 to 89,21,1
2022-01-06,90+,9,0
2022-01-06,Total,729,58
2022-01-08,0 to 9,45,0
2022-01-08,10 to 19,23,1
2022-01-08,20 to 29,111,4
2022-01-08,30 to 39,135,9
2022-01-08,40 to 49,124,8
2022-01-08,50 to 59,147,20
2022-01-08,60 to 69,70,11
2022-01-08,70 to 79,44,4
2022-01-08,80 to 89,21,1
2022-01-08,90+,9,0
2022-01-08,Total,729,58
2022-01-09,0 to 9,45,0
2022-01-09,10 to 19,23,1
2022-01-09,20 to 29,111,4
2022-01-09,30 to 39,135,9
2022-01-09,40 to 49,125,8
2022-01-09,50 to 59,147,20
2022-01-09,60 to 69,70,11
2022-01-09,70 to 79,44,4
2022-01-09,80 to 89,21,1
2022-01-09,90+,9,0
2022-01-09,Total,730,58
2022-01-10,0 to 9,45,0
2022-01-10,10 to 19,23,1
2022-01-10,20 to 29,111,4
2022-01-10,30 to 39,135,9
2022-01-10,40 to 49,127,8
2022-01-10,50 to 59,147,20
2022-01-10,60 to 69,70,11
2022-01-10,70 to 79,44,4
2022-01-10,80 to 89,21,1
2022-01-10,90+,9,0
2022-01-10,Total,732,58
2022-01-11,0 to 9,45,0
2022-01-11,10 to 19,23,1
2022-01-11,20 to 29,112,4
2022-01-11,30 to 39,137,12
2022-01-11,40 to 49,127,8
2022-01-11,50 to 59,147,20
2022-01-11,60 to 69,71,12
2022-01-11,70 to 79,44,4
2022-01-11,80 to 89,21,2
2022-01-11,90+,9,0
2022-01-11,Total,736,63
2022-01-12,0 to 9,45,0
2022-01-12,10 to 19,23,1
2022-01-12,20 to 29,112,4
2022-01-12,30 to 39,137,12
2022-01-12,40 to 49,127,8
2022-01-12,50 to 59,147,20
2022-01-12,60 to 69,71,12
2022-01-12,70 to 79,44,4
2022-01-12,80 to 89,21,2
2022-01-12,90+,9,0
2022-01-12,Total,736,63
2022-01-13,0 to 9,45,0
2022-01-13,10 to 19,23,1
2022-01-13,20 to 29,113,4
2022-01-13,30 to 39,138,12
2022-01-13,40 to 49,128,8
2022-01-13,50 to 59,147,20
2022-01-13,60 to 69,72,12
2022-01-13,70 to 79,44,4
2022-01-13,80 to 89,21,2
2022-01-13,90+,9,0
2022-01-13,Total,740,63
2022-01-14,0 to 9,45,0
2022-01-14,10 to 19,23,1
2022-01-14,20 to 29,113,4
2022-01-14,30 to 39,138,12
2022-01-14,40 to 49,128,8
2022-01-14,50 to 59,148,20
2022-01-14,60 to 69,72,12
2022-01-14,70 to 79,44,4
2022-01-14,80 to 89,21,2
2022-01-14,90+,9,0
2022-01-14,Total,741,63
2022-01-15,0 to 9,45,0
2022-01-15,10 to 19,23,1
2022-01-15,20 to 29,112,4
2022-01-15,30 to 39,138,12
2022-01-15,40 to 49,129,8
2022-01-15,50 to 59,148,20
2022-01-15,60 to 69,72,12
2022-01-15,70 to 79,44,4
2022-01-15,80 to 89,21,2
2022-01-15,90+,9,0
2022-01-15,Total,741,63
2022-01-16,0 to 9,45,0
2022-01-16,10 to 19,23,1
2022-01-16,20 to 29,112,4
2022-01-16,30 to 39,138,12
2022-01-16,40 to 49,129,8
2022-01-16,50 to 59,149,20
2022-01-16,60 to 69,72,12
2022-01-16,70 to 79,44,4
2022-01-16,80 to 89,21,2
2022-01-16,90+,9,0
2022-01-16,Total,742,63
2022-01-17,0 to 9,45,0
2022-01-17,10 to 19,23,1
2022-01-17,20 to 29,113,4
2022-01-17,30 to 39,139,12
2022-01-17,40 to 49,129,8
2022-01-17,50 to 59,149,20
2022-01-17,60 to 69,74,12
2022-01-17,70 to 79,44,4
2022-01-17,80 to 89,21,2
2022-01-17,90+,9,0
2022-01-17,Total,746,63
2022-01-18,0 to 9,45,0
2022-01-18,10 to 19,23,1
2022-01-18,20 to 29,113,4
2022-01-18,30 to 39,140,12
2022-01-18,40 to 49,129,8
2022-01-18,50 to 59,149,20
2022-01-18,60 to 69,74,12
2022-01-18,70 to 79,44,4
2022-01-18,80 to 89,21,2
2022-01-18,90+,10,0
2022-01-18,Total,748,63
2022-01-19,0 to 9,45,0
2022-01-19,10 to 19,23,1
2022-01-19,20 to 29,113,4
2022-01-19,30 to 39,141,12
2022-01-19,40 to 49,130,9
2022-01-19,50 to 59,149,21
2022-01-19,60 to 69,76,13
2022-01-19,70 to 79,44,4
2022-01-19,80 to 89,22,2
2022-01-19,90+,10,0
2022-01-19,Total,753,66
2022-01-20,0 to 9,45,0
2022-01-20,10 to 19,23,1
2022-01-20,20 to 29,113,4
2022-01-20,30 to 39,141,12
2022-01-20,40 to 49,130,9
2022-01-20,50 to 59,149,21
2022-01-20,60 to 69,76,13
2022-01-20,70 to 79,44,4
2022-01-20,80 to 89,22,2
2022-01-20,90+,10,0
2022-01-20,Total,753,66
2022-01-21,0 to 9,45,0
2022-01-21,10 to 19,23,1
2022-01-21,20 to 29,113,4
2022-01-21,30 to 39,142,12
2022-01-21,40 to 49,130,9
2022-01-21,50 to 59,149,21
2022-01-21,60 to 69,76,13
2022-01-21,70 to 79,45,4
2022-01-21,80 to 89,22,2
2022-01-21,90+,10,0
2022-01-21,Total,755,66
2022-01-22,0 to 9,45,0
2022-01-22,10 to 19,23,1
2022-01-22,20 to 29,113,4
2022-01-22,30 to 39,142,12
2022-01-22,40 to 49,130,9
2022-01-22,50 to 59,149,21
2022-01-22,60 to 69,76,13
2022-01-22,70 to 79,45,4
2022-01-22,80 to 89,22,2
2022-01-22,90+,10,0
2022-01-22,Total,755,66
2022-01-23,0 to 9,45,0
2022-01-23,10 to 19,23,1
2022-01-23,20 to 29,113,4
2022-01-23,30 to 39,142,12
2022-01-23,40 to 49,130,9
2022-01-23,50 to 59,149,21
2022-01-23,60 to 69,76,13
2022-01-23,70 to 79,45,4
2022-01-23,80 to 89,22,2
2022-01-23,90+,10,0
2022-01-23,Total,755,66
2022-01-24,0 to 9,45,0
2022-01-24,10 to 19,23,1
2022-01-24,20 to 29,115,4
2022-01-24,30 to 39,142,12
2022-01-24,40 to 49,130,9
2022-01-24,50 to 59,149,21
2022-01-24,60 to 69,77,13
2022-01-24,70 to 79,45,4
2022-01-24,80 to 89,22,2
2022-01-24,90+,10,0
2022-01-24,Total,758,66
2022-01-25,0 to 9,46,0
2022-01-25,10 to 19,23,1
2022-01-25,20 to 29,116,4
2022-01-25,30 to 39,142,12
2022-01-25,40 to 49,130,9
2022-01-25,50 to 59,149,21
2022-01-25,60 to 69,77,13
2022-01-25,70 to 79,45,4
2022-01-25,80 to 89,22,2
2022-01-25,90+,10,0
2022-01-25,Total,760,66
2022-01-26,0 to 9,46,0
2022-01-26,10 to 19,23,1
2022-01-26,20 to 29,116,4
2022-01-26,30 to 39,142,12
2022-01-26,40 to 49,130,9
2022-01-26,50 to 59,149,21
2022-01-26,60 to 69,77,13
2022-01-26,70 to 79,45,4
2022-01-26,80 to 89,22,2
2022-01-26,90+,10,0
2022-01-26,Total,760,66
2022-01-27,0 to 9,45,0
2022-01-27,10 to 19,23,1
2022-01-27,20 to 29,116,4
2022-01-27,30 to 39,142,12
2022-01-27,40 to 49,130,9
2022-01-27,50 to 59,149,21
2022-01-27,60 to 69,77,13
2022-01-27,70 to 79,45,4
2022-01-27,80 to 89,22,2
2022-01-27,90+,10,0
2022-01-27,Total,759,66
2022-01-28,0 to 9,45,0
2022-01-28,10 to 19,23,1
2022-01-28,20 to 29,116,4
2022-01-28,30 to 39,143,12
2022-01-28,40 to 49,130,9
2022-01-28,50 to 59,150,21
2022-01-28,60 to 69,77,13
2022-01-28,70 to 79,45,4
2022-01-28,80 to 89,22,2
2022-01-28,90+,10,0
2022-01-28,Total,761,66
2022-01-29,0 to 9,45,0
2022-01-29,10 to 19,23,1
2022-01-29,20 to 29,116,4
2022-01-29,30 to 39,143,12
2022-01-29,40 to 49,130,9
2022-01-29,50 to 59,150,21
2022-01-29,60 to 69,77,13
2022-01-29,70 to 79,45,4
2022-01-29,80 to 89,22,2
2022-01-29,90+,10,0
2022-01-29,Total,761,66
2022-01-30,0 to 9,45,0
2022-01-30,10 to 19,23,1
2022-01-30,20 to 29,116,4
2022-01-30,30 to 39,143,12
2022-01-30,40 to 49,130,9
2022-01-30,50 to 59,150,21
2022-01-30,60 to 69,77,13
2022-01-30,70 to 79,46,4
2022-01-30,80 to 89,22,2
2022-01-30,90+,10,0
2022-01-30,Total,762,66
2022-01-31,0 to 9,46,0
2022-01-31,10 to 19,23,1
2022-01-31,20 to 29,116,4
2022-01-31,30 to 39,144,12
2022-01-31,40 to 49,130,9
2022-01-31,50 to 59,150,21
2022-01-31,60 to 69,77,13
2022-01-31,70 to 79,46,4
2022-01-31,80 to 89,22,2
2022-01-31,90+,10,0
2022-01-31,Total,764,66
2022-02-01,0 to 9,46,0
2022-02-01,10 to 19,23,1
2022-02-01,20 to 29,116,4
2022-02-01,30 to 39,144,12
2022-02-01,40 to 49,130,9
2022-02-01,50 to 59,150,21
2022-02-01,60 to 69,77,13
2022-02-01,70 to 79,46,4
2022-02-01,80 to 89,22,2
2022-02-01,90+,10,0
2022-02-01,Total,764,66
2022-02-02,0 to 9,46,0
2022-02-02,10 to 19,23,1
2022-02-02,20 to 29,117,4
2022-02-02,30 to 39,144,12
2022-02-02,40 to 49,131,9
2022-02-02,50 to 59,151,21
2022-02-02,60 to 69,77,13
2022-02-02,70 to 79,46,4
2022-02-02,80 to 89,22,2
2022-02-02,90+,10,0
2022-02-02,Total,767,66
2022-02-03,0 to 9,46,0
2022-02-03,10 to 19,24,1
2022-02-03,20 to 29,117,4
2022-02-03,30 to 39,144,12
2022-02-03,40 to 49,131,9
2022-02-03,50 to 59,151,21
2022-02-03,60 to 69,77,13
2022-02-03,70 to 79,46,4
2022-02-03,80 to 89,22,2
2022-02-03,90+,10,0
2022-02-03,Total,768,66
2022-02-04,0 to 9,47,0
2022-02-04,10 to 19,25,1
2022-02-04,20 to 29,117,4
2022-02-04,30 to 39,144,12
2022-02-04,40 to 49,132,9
2022-02-04,50 to 59,151,21
2022-02-04,60 to 69,77,13
2022-02-04,70 to 79,46,4
2022-02-04,80 to 89,22,2
2022-02-04,90+,10,0
2022-02-04,Total,771,66
2022-02-05,0 to 9,48,0
2022-02-05,10 to 19,25,1
2022-02-05,20 to 29,117,4
2022-02-05,30 to 39,144,12
2022-02-05,40 to 49,133,10
2022-02-05,50 to 59,152,21
2022-02-05,60 to 69,77,13
2022-02-05,70 to 79,46,4
2022-02-05,80 to 89,22,2
2022-02-05,90+,10,0
2022-02-05,Total,774,67
2022-02-06,0 to 9,48,0
2022-02-06,10 to 19,25,1
2022-02-06,20 to 29,117,4
2022-02-06,30 to 39,145,12
2022-02-06,40 to 49,134,11
2022-02-06,50 to 59,152,21
2022-02-06,60 to 69,77,13
2022-02-06,70 to 79,46,4
2022-02-06,80 to 89,22,2
2022-02-06,90+,10,0
2022-02-06,Total,776,68
2022-02-07,0 to 9,48,0
2022-02-07,10 to 19,25,1
2022-02-07,20 to 29,117,4
2022-02-07,30 to 39,145,12
2022-02-07,40 to 49,134,11
2022-02-07,50 to 59,152,21
2022-02-07,60 to 69,77,13
2022-02-07,70 to 79,47,4
2022-02-07,80 to 89,22,2
2022-02-07,90+,10,0
2022-02-07,Total,777,68
2022-02-08,0 to 9,48,0
2022-02-08,10 to 19,25,1
2022-02-08,20 to 29,117,4
2022-02-08,30 to 39,146,12
2022-02-08,40 to 49,135,11
2022-02-08,50 to 59,152,21
2022-02-08,60 to 69,77,13
2022-02-08,70 to 79,47,4
2022-02-08,80 to 89,22,2
2022-02-08,90+,10,0
2022-02-08,Total,779,68
2022-02-09,0 to 9,48,0
2022-02-09,10 to 19,25,1
2022-02-09,20 to 29,119,4
2022-02-09,30 to 39,146,12
2022-02-09,40 to 49,136,11
2022-02-09,50 to 59,153,21
2022-02-09,60 to 69,77,13
2022-02-09,70 to 79,47,4
2022-02-09,80 to 89,22,2
2022-02-09,90+,10,0
2022-02-09,Total,783,68
2022-02-10,0 to 9,50,0
2022-02-10,10 to 19,26,1
2022-02-10,20 to 29,119,4
2022-02-10,30 to 39,147,12
2022-02-10,40 to 49,136,11
2022-02-10,50 to 59,153,21
2022-02-10,60 to 69,78,13
2022-02-10,70 to 79,47,4
2022-02-10,80 to 89,22,2
2022-02-10,90+,10,0
2022-02-10,Total,788,68
2022-02-11,0 to 9,50,0
2022-02-11,10 to 19,28,1
2022-02-11,20 to 29,119,4
2022-02-11,30 to 39,147,12
2022-02-11,40 to 49,137,11
2022-02-11,50 to 59,153,21
2022-02-11,60 to 69,78,13
2022-02-11,70 to 79,47,4
2022-02-11,80 to 89,23,2
2022-02-11,90+,10,0
2022-02-11,Total,792,68
2022-02-13,0 to 9,52,0
2022-02-13,10 to 19,30,1
2022-02-13,20 to 29,120,4
2022-02-13,30 to 39,149,12
2022-02-13,40 to 49,137,11
2022-02-13,50 to 59,155,21
2022-02-13,60 to 69,78,13
2022-02-13,70 to 79,48,4
2022-02-13,80 to 89,24,2
2022-02-13,90+,11,0
2022-02-13,Total,804,68
2022-02-14,0 to 9,52,0
2022-02-14,10 to 19,30,1
2022-02-14,20 to 29,120,4
2022-02-14,30 to 39,150,12
2022-02-14,40 to 49,138,11
2022-02-14,50 to 59,155,21
2022-02-14,60 to 69,78,13
2022-02-14,70 to 79,49,4
2022-02-14,80 to 89,24,2
2022-02-14,90+,11,0
2022-02-14,Total,807,68
2022-02-15,0 to 9,53,0
2022-02-15,10 to 19,31,1
2022-02-15,20 to 29,120,4
2022-02-15,30 to 39,150,12
2022-02-15,40 to 49,139,11
2022-02-15,50 to 59,155,21
2022-02-15,60 to 69,78,13
2022-02-15,70 to 79,49,4
2022-02-15,80 to 89,24,2
2022-02-15,90+,12,0
2022-02-15,Total,811,68
2022-02-16,0 to 9,53,0
2022-02-16,10 to 19,31,1
2022-02-16,20 to 29,120,4
2022-02-16,30 to 39,151,12
2022-02-16,40 to 49,140,11
2022-02-16,50 to 59,155,21
2022-02-16,60 to 69,78,13
2022-02-16,70 to 79,49,4
2022-02-16,80 to 89,25,2
2022-02-16,90+,13,0
2022-02-16,Total,815,68
2022-02-17,0 to 9,55,0
2022-02-17,10 to 19,31,1
2022-02-17,20 to 29,121,4
2022-02-17,30 to 39,152,12
2022-02-17,40 to 49,143,11
2022-02-17,50 to 59,156,21
2022-02-17,60 to 69,78,13
2022-02-17,70 to 79,51,4
2022-02-17,80 to 89,26,2
2022-02-17,90+,13,0
2022-02-17,Total,826,68
2022-02-18,0 to 9,55,0
2022-02-18,10 to 19,31,1
2022-02-18,20 to 29,121,4
2022-02-18,30 to 39,152,12
2022-02-18,40 to 49,143,11
2022-02-18,50 to 59,156,21
2022-02-18,60 to 69,78,13
2022-02-18,70 to 79,51,4
2022-02-18,80 to 89,26,2
2022-02-18,90+,13,0
2022-02-18,Total,826,68
2022-02-19,0 to 9,58,0
2022-02-19,10 to 19,34,1
2022-02-19,20 to 29,121,4
2022-02-19,30 to 39,154,12
2022-02-19,40 to 49,143,12
2022-02-19,50 to 59,158,21
2022-02-19,60 to 69,78,13
2022-02-19,70 to 79,51,4
2022-02-19,80 to 89,26,2
2022-02-19,90+,13,0
2022-02-19,Total,836,69
2022-02-20,0 to 9,58,0
2022-02-20,10 to 19,34,1
2022-02-20,20 to 29,125,4
2022-02-20,30 to 39,155,12
2022-02-20,40 to 49,143,12
2022-02-20,50 to 59,158,21
2022-02-20,60 to 69,78,13
2022-02-20,70 to 79,51,4
2022-02-20,80 to 89,26,2
2022-02-20,90+,13,0
2022-02-20,Total,841,69
2022-02-21,0 to 9,59,0
2022-02-21,10 to 19,36,1
2022-02-21,20 to 29,129,4
2022-02-21,30 to 39,160,12
2022-02-21,40 to 49,145,12
2022-02-21,50 to 59,158,21
2022-02-21,60 to 69,81,13
2022-02-21,70 to 79,51,4
2022-02-21,80 to 89,26,2
2022-02-21,90+,13,0
2022-02-21,Total,858,69
2022-02-22,0 to 9,69,0
2022-02-22,10 to 19,52,1
2022-02-22,20 to 29,172,4
2022-02-22,30 to 39,198,12
2022-02-22,40 to 49,169,12
2022-02-22,50 to 59,191,21
2022-02-22,60 to 69,102,13
2022-02-22,70 to 79,75,4
2022-02-22,80 to 89,46,2
2022-02-22,90+,24,0
2022-02-22,Total,1098,69
2022-02-23,0 to 9,78,0
2022-02-23,10 to 19,56,1
2022-02-23,20 to 29,179,4
2022-02-23,30 to 39,209,12
2022-02-23,40 to 49,174,12
2022-02-23,50 to 59,195,21
2022-02-23,60 to 69,107,13
2022-02-23,70 to 79,78,4
2022-02-23,80 to 89,49,2
2022-02-23,90+,27,0
2022-02-23,Total,1152,69
2022-02-24,0 to 9,82,0
2022-02-24,10 to 19,60,1
2022-02-24,20 to 29,191,4
2022-02-24,30 to 39,219,12
2022-02-24,40 to 49,178,12
2022-02-24,50 to 59,212,21
2022-02-24,60 to 69,111,13
2022-02-24,70 to 79,84,4
2022-02-24,80 to 89,52,2
2022-02-24,90+,28,0
2022-02-24,Total,1217,69
2022-02-25,0 to 9,83,0
2022-02-25,10 to 19,63,1
2022-02-25,20 to 29,196,4
2022-02-25,30 to 39,227,12
2022-02-25,40 to 49,182,12
2022-02-25,50 to 59,215,21
2022-02-25,60 to 69,116,13
2022-02-25,70 to 79,87,4
2022-02-25,80 to 89,52,2
2022-02-25,90+,27,0
2022-02-25,Total,1248,69
2022-02-26,0 to 9,85,0
2022-02-26,10 to 19,66,1
2022-02-26,20 to 29,199,4
2022-02-26,30 to 39,236,12
2022-02-26,40 to 49,190,12
2022-02-26,50 to 59,216,21
2022-02-26,60 to 69,124,13
2022-02-26,70 to 79,97,4
2022-02-26,80 to 89,60,2
2022-02-26,90+,29,0
2022-02-26,Total,1302,69
2022-02-27,0 to 9,89,0
2022-02-27,10 to 19,67,1
2022-02-27,20 to 29,210,4
2022-02-27,30 to 39,246,12
2022-02-27,40 to 49,200,13
2022-02-27,50 to 59,222,21
2022-02-27,60 to 69,128,13
2022-02-27,70 to 79,104,4
2022-02-27,80 to 89,67,2
2022-02-27,90+,31,0
2022-02-27,Total,1364,70
2022-02-28,0 to 9,91,0
2022-02-28,10 to 19,71,1
2022-02-28,20 to 29,219,4
2022-02-28,30 to 39,256,12
2022-02-28,40 to 49,201,13
2022-02-28,50 to 59,229,21
2022-02-28,60 to 69,137,13
2022-02-28,70 to 79,111,4
2022-02-28,80 to 89,72,2
2022-02-28,90+,31,0
2022-02-28,Total,1418,70
2022-03-01,0 to 9,93,0
2022-03-01,10 to 19,72,1
2022-03-01,20 to 29,231,4
2022-03-01,30 to 39,270,12
2022-03-01,40 to 49,206,13
2022-03-01,50 to 59,235,21
2022-03-01,60 to 69,140,13
2022-03-01,70 to 79,115,4
2022-03-01,80 to 89,73,2
2022-03-01,90+,31,0
2022-03-01,Total,1466,70
2022-03-02,0 to 9,104,0
2022-03-02,10 to 19,85,1
2022-03-02,20 to 29,248,4
2022-03-02,30 to 39,285,12
2022-03-02,40 to 49,217,13
2022-03-02,50 to 59,241,21
2022-03-02,60 to 69,153,13
2022-03-02,70 to 79,126,4
2022-03-02,80 to 89,79,2
2022-03-02,90+,34,0
2022-03-02,Total,1572,70
2022-03-03,0 to 9,112,0
2022-03-03,10 to 19,88,1
2022-03-03,20 to 29,265,4
2022-03-03,30 to 39,306,12
2022-03-03,40 to 49,226,13
2022-03-03,50 to 59,252,21
2022-03-03,60 to 69,166,13
2022-03-03,70 to 79,129,4
2022-03-03,80 to 89,90,2
2022-03-03,90+,37,0
2022-03-03,Total,1671,70
2022-03-04,0 to 9,116,0
2022-03-04,10 to 19,92,1
2022-03-04,20 to 29,280,4
2022-03-04,30 to 39,321,12
2022-03-04,40 to 49,235,13
2022-03-04,50 to 59,269,21
2022-03-04,60 to 69,179,13
2022-03-04,70 to 79,149,4
2022-03-04,80 to 89,103,2
2022-03-04,90+,39,0
2022-03-04,Total,1783,70
2022-03-05,0 to 9,123,0
2022-03-05,10 to 19,98,1
2022-03-05,20 to 29,289,4
2022-03-05,30 to 39,332,12
2022-03-05,40 to 49,244,13
2022-03-05,50 to 59,277,21
2022-03-05,60 to 69,188,13
2022-03-05,70 to 79,162,4
2022-03-05,80 to 89,114,2
2022-03-05,90+,45,0
2022-03-05,Total,1872,70
2022-03-06,0 to 9,136,0
2022-03-06,10 to 19,103,1
2022-03-06,20 to 29,296,4
2022-03-06,30 to 39,337,13
2022-03-06,40 to 49,252,13
2022-03-06,50 to 59,290,21
2022-03-06,60 to 69,195,13
2022-03-06,70 to 79,176,4
2022-03-06,80 to 89,125,2
2022-03-06,90+,50,0
2022-03-06,Total,1960,71
2022-03-07,0 to 9,139,0
2022-03-07,10 to 19,105,1
2022-03-07,20 to 29,305,4
2022-03-07,30 to 39,345,13
2022-03-07,40 to 49,265,13
2022-03-07,50 to 59,299,21
2022-03-07,60 to 69,209,13
2022-03-07,70 to 79,188,4
2022-03-07,80 to 89,130,2
2022-03-07,90+,53,0
2022-03-07,Total,2038,71
2022-03-08,0 to 9,145,0
2022-03-08,10 to 19,110,1
2022-03-08,20 to 29,325,4
2022-03-08,30 to 39,360,13
2022-03-08,40 to 49,270,13
2022-03-08,50 to 59,316,21
2022-03-08,60 to 69,228,13
2022-03-08,70 to 79,203,4
2022-03-08,80 to 89,147,2
2022-03-08,90+,56,0
2022-03-08,Total,2160,71
2022-03-10,0 to 9,167,0
2022-03-10,10 to 19,120,1
2022-03-10,20 to 29,373,4
2022-03-10,30 to 39,389,13
2022-03-10,40 to 49,291,13
2022-03-10,50 to 59,349,21
2022-03-10,60 to 69,262,13
2022-03-10,70 to 79,236,5
2022-03-10,80 to 89,176,2
2022-03-10,90+,64,0
2022-03-10,Total,2427,72
2022-03-11,0 to 9,182,0
2022-03-11,10 to 19,127,1
2022-03-11,20 to 29,392,4
2022-03-11,30 to 39,407,13
2022-03-11,40 to 49,305,13
2022-03-11,50 to 59,365,21
2022-03-11,60 to 69,283,15
2022-03-11,70 to 79,255,5
2022-03-11,80 to 89,200,2
2022-03-11,90+,73,0
2022-03-11,Total,2589,74
2022-03-12,0 to 9,188,0
2022-03-12,10 to 19,132,1
2022-03-12,20 to 29,410,5
2022-03-12,30 to 39,420,13
2022-03-12,40 to 49,318,13
2022-03-12,50 to 59,381,21
2022-03-12,60 to 69,297,15
2022-03-12,70 to 79,276,5
2022-03-12,80 to 89,210,2
2022-03-12,90+,75,0
2022-03-12,Total,2707,75
2022-03-13,0 to 9,190,0
2022-03-13,10 to 19,138,1
2022-03-13,20 to 29,413,5
2022-03-13,30 to 39,428,14
2022-03-13,40 to 49,324,13
2022-03-13,50 to 59,386,21
2022-03-13,60 to 69,307,15
2022-03-13,70 to 79,281,5
2022-03-13,80 to 89,213,2
2022-03-13,90+,77,0
2022-03-13,Total,2757,76
2022-03-14,0 to 9,206,0
2022-03-14,10 to 19,139,1
2022-03-14,20 to 29,429,5
2022-03-14,30 to 39,449,14
2022-03-14,40 to 49,335,14
2022-03-14,50 to 59,403,21
2022-03-14,60 to 69,324,16
2022-03-14,70 to 79,306,5
2022-03-14,80 to 89,228,2
2022-03-14,90+,85,0
2022-03-14,Total,2904,78
2022-03-16,0 to 9,230,0
2022-03-16,10 to 19,151,1
2022-03-16,20 to 29,468,5
2022-03-16,30 to 39,488,14
2022-03-16,40 to 49,366,15
2022-03-16,50 to 59,435,22
2022-03-16,60 to 69,357,16
2022-03-16,70 to 79,344,5
2022-03-16,80 to 89,256,2
2022-03-16,90+,99,0
2022-03-16,Total,3194,80
2022-03-17,0 to 9,234,0
2022-03-17,10 to 19,160,1
2022-03-17,20 to 29,480,5
2022-03-17,30 to 39,502,14
2022-03-17,40 to 49,376,15
2022-03-17,50 to 59,448,22
2022-03-17,60 to 69,369,16
2022-03-17,70 to 79,353,5
2022-03-17,80 to 89,262,2
2022-03-17,90+,100,0
2022-03-17,Total,3284,80
2022-03-18,0 to 9,251,0
2022-03-18,10 to 19,170,1
2022-03-18,20 to 29,510,5
2022-03-18,30 to 39,524,15
2022-03-18,40 to 49,395,16
2022-03-18,50 to 59,460,22
2022-03-18,60 to 69,399,18
2022-03-18,70 to 79,377,6
2022-03-18,80 to 89,277,2
2022-03-18,90+,108,0
2022-03-18,Total,3471,85
2022-03-19,0 to 9,253,0
2022-03-19,10 to 19,173,1
2022-03-19,20 to 29,524,5
2022-03-19,30 to 39,543,15
2022-03-19,40 to 49,405,16
2022-03-19,50 to 59,480,22
2022-03-19,60 to 69,410,18
2022-03-19,70 to 79,390,6
2022-03-19,80 to 89,287,1
2022-03-19,90+,110,0
2022-03-19,Total,3575,84
2022-03-20,0 to 9,261,1
2022-03-20,10 to 19,175,1
2022-03-20,20 to 29,530,5
2022-03-20,30 to 39,556,16
2022-03-20,40 to 49,408,16
2022-03-20,50 to 59,493,22
2022-03-20,60 to 69,416,20
2022-03-20,70 to 79,404,8
2022-03-20,80 to 89,300,1
2022-03-20,90+,112,0
2022-03-20,Total,3655,90
2022-03-21,0 to 9,278,1
2022-03-21,10 to 19,182,1
2022-03-21,20 to 29,551,5
2022-03-21,30 to 39,578,16
2022-03-21,40 to 49,418,16
2022-03-21,50 to 59,509,22
2022-03-21,60 to 69,442,20
2022-03-21,70 to 79,424,8
2022-03-21,80 to 89,316,1
2022-03-21,90+,115,0
2022-03-21,Total,3813,90
2022-03-22,0 to 9,292,1
2022-03-22,10 to 19,190,1
2022-03-22,20 to 29,576,5
2022-03-22,30 to 39,605,16
2022-03-22,40 to 49,433,16
2022-03-22,50 to 59,531,22
2022-03-22,60 to 69,466,20
2022-03-22,70 to 79,445,9
2022-03-22,80 to 89,334,1
2022-03-22,90+,123,0
2022-03-22,Total,3995,91
2022-03-23,0 to 9,310,1
2022-03-23,10 to 19,204,1
2022-03-23,20 to 29,610,5
2022-03-23,30 to 39,646,16
2022-03-23,40 to 49,452,16
2022-03-23,50 to 59,548,24
2022-03-23,60 to 69,486,20
2022-03-23,70 to 79,473,9
2022-03-23,80 to 89,343,1
2022-03-23,90+,129,0
2022-03-23,Total,4201,93
2022-03-24,0 to 9,330,1
2022-03-24,10 to 19,210,1
2022-03-24,20 to 29,635,5
2022-03-24,30 to 39,679,16
2022-03-24,40 to 49,468,16
2022-03-24,50 to 59,567,25
2022-03-24,60 to 69,513,21
2022-03-24,70 to 79,493,10
2022-03-24,80 to 89,361,2
2022-03-24,90+,131,0
2022-03-24,Total,4387,97
2022-03-25,0 to 9,343,1
2022-03-25,10 to 19,217,1
2022-03-25,20 to 29,663,5
2022-03-25,30 to 39,699,16
2022-03-25,40 to 49,483,17
2022-03-25,50 to 59,582,25
2022-03-25,60 to 69,530,21
2022-03-25,70 to 79,511,10
2022-03-25,80 to 89,370,2
2022-03-25,90+,135,0
2022-03-25,Total,4533,98
2022-03-26,0 to 9,347,1
2022-03-26,10 to 19,225,1
2022-03-26,20 to 29,672,5
2022-03-26,30 to 39,708,16
2022-03-26,40 to 49,491,17
2022-03-26,50 to 59,592,25
2022-03-26,60 to 69,539,21
2022-03-26,70 to 79,524,10
2022-03-26,80 to 89,378,2
2022-03-26,90+,137,0
2022-03-26,Total,4613,98
2022-03-27,0 to 9,354,1
2022-03-27,10 to 19,231,1
2022-03-27,20 to 29,689,5
2022-03-27,30 to 39,721,16
2022-03-27,40 to 49,502,17
2022-03-27,50 to 59,606,26
2022-03-27,60 to 69,550,21
2022-03-27,70 to 79,535,10
2022-03-27,80 to 89,386,2
2022-03-27,90+,140,0
2022-03-27,Total,4714,99
2022-03-28,0 to 9,361,1
2022-03-28,10 to 19,240,1
2022-03-28,20 to 29,709,6
2022-03-28,30 to 39,742,16
2022-03-28,40 to 49,512,18
2022-03-28,50 to 59,616,26
2022-03-28,60 to 69,558,22
2022-03-28,70 to 79,550,10
2022-03-28,80 to 89,395,2
2022-03-28,90+,143,0
2022-03-28,Total,4826,102
2022-03-29,0 to 9,366,1
2022-03-29,10 to 19,246,1
2022-03-29,20 to 29,725,6
2022-03-29,30 to 39,759,16
2022-03-29,40 to 49,524,18
2022-03-29,50 to 59,635,29
2022-03-29,60 to 69,572,24
2022-03-29,70 to 79,564,10
2022-03-29,80 to 89,415,2
2022-03-29,90+,147,0
2022-03-29,Total,4953,107
2022-03-30,0 to 9,372,1
2022-03-30,10 to 19,254,1
2022-03-30,20 to 29,755,6
2022-03-30,30 to 39,786,16
2022-03-30,40 to 49,534,18
2022-03-30,50 to 59,657,30
2022-03-30,60 to 69,590,26
2022-03-30,70 to 79,580,10
2022-03-30,80 to 89,422,2
2022-03-30,90+,148,0
2022-03-30,Total,5098,110
2022-03-31,0 to 9,384,1
2022-03-31,10 to 19,258,1
2022-03-31,20 to 29,765,6
2022-03-31,30 to 39,803,16
2022-03-31,40 to 49,555,18
2022-03-31,50 to 59,673,33
2022-03-31,60 to 69,604,28
2022-03-31,70 to 79,591,10
2022-03-31,80 to 89,429,2
2022-03-31,90+,150,0
2022-03-31,Total,5212,115
2022-04-02,0 to 9,407,2
2022-04-02,10 to 19,274,2
2022-04-02,20 to 29,796,6
2022-04-02,30 to 39,833,17
2022-04-02,40 to 49,576,18
2022-04-02,50 to 59,707,34
2022-04-02,60 to 69,629,28
2022-04-02,70 to 79,619,11
2022-04-02,80 to 89,457,2
2022-04-02,90+,157,0
2022-04-02,Total,5455,120
2022-04-03,0 to 9,409,2
2022-04-03,10 to 19,280,2
2022-04-03,20 to 29,810,6
2022-04-03,30 to 39,840,17
2022-04-03,40 to 49,583,18
2022-04-03,50 to 59,721,35
2022-04-03,60 to 69,631,28
2022-04-03,70 to 79,623,12
2022-04-03,80 to 89,462,2
2022-04-03,90+,160,0
2022-04-03,Total,5519,122
2022-04-04,0 to 9,416,2
2022-04-04,10 to 19,284,2
2022-04-04,20 to 29,824,5
2022-04-04,30 to 39,848,17
2022-04-04,40 to 49,587,18
2022-04-04,50 to 59,718,35
2022-04-04,60 to 69,637,28
2022-04-04,70 to 79,628,13
2022-04-04,80 to 89,477,2
2022-04-04,90+,164,0
2022-04-04,Total,5583,122
2022-04-05,0 to 9,433,2
2022-04-05,10 to 19,295,2
2022-04-05,20 to 29,849,5
2022-04-05,30 to 39,874,18
2022-04-05,40 to 49,603,19
2022-04-05,50 to 59,731,37
2022-04-05,60 to 69,662,29
2022-04-05,70 to 79,649,12
2022-04-05,80 to 89,489,2
2022-04-05,90+,169,0
2022-04-05,Total,5754,126
2022-04-06,0 to 9,454,2
2022-04-06,10 to 19,307,2
2022-04-06,20 to 29,877,5
2022-04-06,30 to 39,892,18
2022-04-06,40 to 49,623,19
2022-04-06,50 to 59,750,38
2022-04-06,60 to 69,681,30
2022-04-06,70 to 79,670,12
2022-04-06,80 to 89,506,2
2022-04-06,90+,180,0
2022-04-06,Total,5940,128
2022-04-08,0 to 9,467,2
2022-04-08,10 to 19,313,2
2022-04-08,20 to 29,913,5
2022-04-08,30 to 39,931,18
2022-04-08,40 to 49,641,20
2022-04-08,50 to 59,773,38
2022-04-08,60 to 69,709,31
2022-04-08,70 to 79,694,14
2022-04-08,80 to 89,532,2
2022-04-08,90+,188,0
2022-04-08,Total,6161,132
2022-04-09,0 to 9,471,2
2022-04-09,10 to 19,320,2
2022-04-09,20 to 29,928,5
2022-04-09,30 to 39,961,18
2022-04-09,40 to 49,654,20
2022-04-09,50 to 59,789,38
2022-04-09,60 to 69,720,32
2022-04-09,70 to 79,700,14
2022-04-09,80 to 89,536,2
2022-04-09,90+,191,0
2022-04-09,Total,6270,133
2022-04-10,0 to 9,472,2
2022-04-10,10 to 19,322,2
2022-04-10,20 to 29,934,5
2022-04-10,30 to 39,967,18
2022-04-10,40 to 49,660,20
2022-04-10,50 to 59,791,38
2022-04-10,60 to 69,726,32
2022-04-10,70 to 79,705,14
2022-04-10,80 to 89,543,2
2022-04-10,90+,194,0
2022-04-10,Total,6314,133
2022-04-11,0 to 9,478,2
2022-04-11,10 to 19,332,2
2022-04-11,20 to 29,951,5
2022-04-11,30 to 39,981,18
2022-04-11,40 to 49,673,20
2022-04-11,50 to 59,804,38
2022-04-11,60 to 69,740,31
2022-04-11,70 to 79,715,14
2022-04-11,80 to 89,555,2
2022-04-11,90+,197,0
2022-04-11,Total,6426,132
2022-04-12,0 to 9,481,2
2022-04-12,10 to 19,337,2
2022-04-12,20 to 29,965,5
2022-04-12,30 to 39,1001,19
2022-04-12,40 to 49,678,20
2022-04-12,50 to 59,812,39
2022-04-12,60 to 69,750,32
2022-04-12,70 to 79,730,14
2022-04-12,80 to 89,562,3
2022-04-12,90+,204,1
2022-04-12,Total,6520,137
2022-04-13,0 to 9,491,2
2022-04-13,10 to 19,347,2
2022-04-13,20 to 29,983,5
2022-04-13,30 to 39,1019,19
2022-04-13,40 to 49,690,20
2022-04-13,50 to 59,824,42
2022-04-13,60 to 69,768,33
2022-04-13,70 to 79,744,14
2022-04-13,80 to 89,574,4
2022-04-13,90+,206,1
2022-04-13,Total,6646,142
2022-04-14,0 to 9,501,2
2022-04-14,10 to 19,352,2
2022-04-14,20 to 29,1005,5
2022-04-14,30 to 39,1044,19
2022-04-14,40 to 49,697,20
2022-04-14,50 to 59,833,44
2022-04-14,60 to 69,781,34
2022-04-14,70 to 79,756,14
2022-04-14,80 to 89,588,4
2022-04-14,90+,207,1
2022-04-14,Total,6764,145
2022-04-15,0 to 9,507,2
2022-04-15,10 to 19,358,3
2022-04-15,20 to 29,1016,5
2022-04-15,30 to 39,1060,19
2022-04-15,40 to 49,708,20
2022-04-15,50 to 59,838,45
2022-04-15,60 to 69,790,34
2022-04-15,70 to 79,774,14
2022-04-15,80 to 89,603,4
2022-04-15,90+,210,1
2022-04-15,Total,6864,147
2022-04-16,0 to 9,510,2
2022-04-16,10 to 19,360,3
2022-04-16,20 to 29,1018,5
2022-04-16,30 to 39,1069,19
2022-04-16,40 to 49,715,20
2022-04-16,50 to 59,840,45
2022-04-16,60 to 69,800,34
2022-04-16,70 to 79,781,14
2022-04-16,80 to 89,610,4
2022-04-16,90+,212,1
2022-04-16,Total,6915,147
2022-04-17,0 to 9,518,2
2022-04-17,10 to 19,366,3
2022-04-17,20 to 29,1031,5
2022-04-17,30 to 39,1075,19
2022-04-17,40 to 49,722,20
2022-04-17,50 to 59,845,45
2022-04-17,60 to 69,806,34
2022-04-17,70 to 79,787,14
2022-04-17,80 to 89,619,4
2022-04-17,90+,212,1
2022-04-17,Total,6981,147
2022-04-18,0 to 9,522,2
2022-04-18,10 to 19,374,3
2022-04-18,20 to 29,1038,5
2022-04-18,30 to 39,1087,19
2022-04-18,40 to 49,727,20
2022-04-18,50 to 59,851,45
2022-04-18,60 to 69,814,34
2022-04-18,70 to 79,797,14
2022-04-18,80 to 89,625,4
2022-04-18,90+,214,1
2022-04-18,Total,7049,147
2022-04-19,0 to 9,527,2
2022-04-19,10 to 19,376,3
2022-04-19,20 to 29,1048,5
2022-04-19,30 to 39,1097,20
2022-04-19,40 to 49,736,21
2022-04-19,50 to 59,860,47
2022-04-19,60 to 69,828,34
2022-04-19,70 to 79,808,14
2022-04-19,80 to 89,639,4
2022-04-19,90+,219,1
2022-04-19,Total,7138,151
2022-04-20,0 to 9,536,2
2022-04-20,10 to 19,378,3
2022-04-20,20 to 29,1063,5
2022-04-20,30 to 39,1118,20
2022-04-20,40 to 49,748,21
2022-04-20,50 to 59,869,46
2022-04-20,60 to 69,837,34
2022-04-20,70 to 79,827,14
2022-04-20,80 to 89,648,4
2022-04-20,90+,226,1
2022-04-20,Total,7250,150
2022-04-21,0 to 9,538,1
2022-04-21,10 to 19,384,3
2022-04-21,20 to 29,1071,5
2022-04-21,30 to 39,1132,20
2022-04-21,40 to 49,761,23
2022-04-21,50 to 59,877,46
2022-04-21,60 to 69,852,34
2022-04-21,70 to 79,839,15
2022-04-21,80 to 89,655,4
2022-04-21,90+,228,1
2022-04-21,Total,7337,152
2022-04-22,0 to 9,548,2
2022-04-22,10 to 19,391,3
2022-04-22,20 to 29,1090,5
2022-04-22,30 to 39,1151,20
2022-04-22,40 to 49,772,23
2022-04-22,50 to 59,889,46
2022-04-22,60 to 69,872,35
2022-04-22,70 to 79,850,15
2022-04-22,80 to 89,672,4
2022-04-22,90+,228,1
2022-04-22,Total,7463,154
2022-04-23,0 to 9,558,2
2022-04-23,10 to 19,391,3
2022-04-23,20 to 29,1109,5
2022-04-23,30 to 39,1170,21
2022-04-23,40 to 49,781,23
2022-04-23,50 to 59,902,46
2022-04-23,60 to 69,882,35
2022-04-23,70 to 79,863,14
2022-04-23,80 to 89,680,4
2022-04-23,90+,230,1
2022-04-23,Total,7566,154
2022-04-24,0 to 9,562,2
2022-04-24,10 to 19,396,3
2022-04-24,20 to 29,1116,5
2022-04-24,30 to 39,1178,21
2022-04-24,40 to 49,789,23
2022-04-24,50 to 59,908,46
2022-04-24,60 to 69,889,36
2022-04-24,70 to 79,869,14
2022-04-24,80 to 89,686,4
2022-04-24,90+,230,1
2022-04-24,Total,7623,155
2022-04-25,0 to 9,567,2
2022-04-25,10 to 19,401,3
2022-04-25,20 to 29,1126,6
2022-04-25,30 to 39,1189,23
2022-04-25,40 to 49,798,25
2022-04-25,50 to 59,912,47
2022-04-25,60 to 69,893,38
2022-04-25,70 to 79,874,14
2022-04-25,80 to 89,689,4
2022-04-25,90+,232,1
2022-04-25,Total,7681,163
2022-04-26,0 to 9,574,2
2022-04-26,10 to 19,405,3
2022-04-26,20 to 29,1136,6
2022-04-26,30 to 39,1214,24
2022-04-26,40 to 49,809,25
2022-04-26,50 to 59,926,47
2022-04-26,60 to 69,898,38
2022-04-26,70 to 79,892,15
2022-04-26,80 to 89,706,4
2022-04-26,90+,240,1
2022-04-26,Total,7800,165
2022-04-27,0 to 9,582,2
2022-04-27,10 to 19,412,3
2022-04-27,20 to 29,1151,6
2022-04-27,30 to 39,1236,23
2022-04-27,40 to 49,816,25
2022-04-27,50 to 59,943,47
2022-04-27,60 to 69,909,38
2022-04-27,70 to 79,904,15
2022-04-27,80 to 89,714,4
2022-04-27,90+,243,1
2022-04-27,Total,7910,164
2022-04-28,0 to 9,584,2
2022-04-28,10 to 19,422,3
2022-04-28,20 to 29,1174,5
2022-04-28,30 to 39,1259,24
2022-04-28,40 to 49,829,25
2022-04-28,50 to 59,961,46
2022-04-28,60 to 69,920,38
2022-04-28,70 to 79,918,15
2022-04-28,80 to 89,725,4
2022-04-28,90+,246,1
2022-04-28,Total,8038,163
2022-04-29,0 to 9,589,2
2022-04-29,10 to 19,427,3
2022-04-29,20 to 29,1189,5
2022-04-29,30 to 39,1275,25
2022-04-29,40 to 49,847,25
2022-04-29,50 to 59,972,46
2022-04-29,60 to 69,931,39
2022-04-29,70 to 79,930,15
2022-04-29,80 to 89,733,4
2022-04-29,90+,248,1
2022-04-29,Total,8141,165
2022-04-30,0 to 9,593,2
2022-04-30,10 to 19,430,3
2022-04-30,20 to 29,1193,5
2022-04-30,30 to 39,1291,25
2022-04-30,40 to 49,856,25
2022-04-30,50 to 59,983,46
2022-04-30,60 to 69,938,39
2022-04-30,70 to 79,936,15
2022-04-30,80 to 89,740,4
2022-04-30,90+,251,1
2022-04-30,Total,8211,165
2022-05-01,0 to 9,594,2
2022-05-01,10 to 19,434,3
2022-05-01,20 to 29,1208,5
2022-05-01,30 to 39,1304,25
2022-05-01,40 to 49,863,25
2022-05-01,50 to 59,990,47
2022-05-01,60 to 69,943,39
2022-05-01,70 to 79,944,15
2022-05-01,80 to 89,741,4
2022-05-01,90+,253,1
2022-05-01,Total,8274,166
2022-05-02,0 to 9,599,2
2022-05-02,10 to 19,442,3
2022-05-02,20 to 29,1238,5
2022-05-02,30 to 39,1313,25
2022-05-02,40 to 49,873,25
2022-05-02,50 to 59,996,47
2022-05-02,60 to 69,955,39
2022-05-02,70 to 79,962,15
2022-05-02,80 to 89,751,4
2022-05-02,90+,257,1
2022-05-02,Total,8386,166
2022-05-03,0 to 9,605,2
2022-05-03,10 to 19,444,3
2022-05-03,20 to 29,1255,5
2022-05-03,30 to 39,1324,24
2022-05-03,40 to 49,880,26
2022-05-03,50 to 59,1017,47
2022-05-03,60 to 69,964,40
2022-05-03,70 to 79,973,16
2022-05-03,80 to 89,771,4
2022-05-03,90+,258,1
2022-05-03,Total,8491,168
2022-05-04,0 to 9,616,2
2022-05-04,10 to 19,455,3
2022-05-04,20 to 29,1264,5
2022-05-04,30 to 39,1342,25
2022-05-04,40 to 49,893,26
2022-05-04,50 to 59,1037,49
2022-05-04,60 to 69,982,40
2022-05-04,70 to 79,987,17
2022-05-04,80 to 89,788,4
2022-05-04,90+,263,1
2022-05-04,Total,8627,172
2022-05-05,0 to 9,626,2
2022-05-05,10 to 19,463,3
2022-05-05,20 to 29,1284,5
2022-05-05,30 to 39,1360,24
2022-05-05,40 to 49,906,26
2022-05-05,50 to 59,1048,49
2022-05-05,60 to 69,987,40
2022-05-05,70 to 79,994,18
2022-05-05,80 to 89,794,5
2022-05-05,90+,263,1
2022-05-05,Total,8725,173
2022-05-06,0 to 9,637,2
2022-05-06,10 to 19,470,3
2022-05-06,20 to 29,1302,6
2022-05-06,30 to 39,1376,24
2022-05-06,40 to 49,914,26
2022-05-06,50 to 59,1056,49
2022-05-06,60 to 69,997,40
2022-05-06,70 to 79,1000,18
2022-05-06,80 to 89,801,5
2022-05-06,90+,267,1
2022-05-06,Total,8820,174
2022-05-07,0 to 9,643,2
2022-05-07,10 to 19,477,3
2022-05-07,20 to 29,1318,6
2022-05-07,30 to 39,1394,24
2022-05-07,40 to 49,926,26
2022-05-07,50 to 59,1061,49
2022-05-07,60 to 69,1001,40
2022-05-07,70 to 79,1010,18
2022-05-07,80 to 89,809,5
2022-05-07,90+,269,1
2022-05-07,Total,8908,174
2022-05-08,0 to 9,646,2
2022-05-08,10 to 19,480,3
2022-05-08,20 to 29,1326,6
2022-05-08,30 to 39,1410,25
2022-05-08,40 to 49,927,26
2022-05-08,50 to 59,1066,49
2022-05-08,60 to 69,1007,40
2022-05-08,70 to 79,1012,18
2022-05-08,80 to 89,815,5
2022-05-08,90+,270,1
2022-05-08,Total,8959,175
2022-05-09,0 to 9,651,2
2022-05-09,10 to 19,484,3
2022-05-09,20 to 29,1340,6
2022-05-09,30 to 39,1422,25
2022-05-09,40 to 49,930,26
2022-05-09,50 to 59,1075,49
2022-05-09,60 to 69,1016,40
2022-05-09,70 to 79,1028,19
2022-05-09,80 to 89,833,5
2022-05-09,90+,274,1
2022-05-09,Total,9053,176
2022-05-10,0 to 9,664,2
2022-05-10,10 to 19,486,3
2022-05-10,20 to 29,1355,6
2022-05-10,30 to 39,1450,25
2022-05-10,40 to 49,943,26
2022-05-10,50 to 59,1095,49
2022-05-10,60 to 69,1030,40
2022-05-10,70 to 79,1041,19
2022-05-10,80 to 89,840,5
2022-05-10,90+,280,1
2022-05-10,Total,9184,176
2022-05-11,0 to 9,670,2
2022-05-11,10 to 19,490,4
2022-05-11,20 to 29,1374,6
2022-05-11,30 to 39,1469,24
2022-05-11,40 to 49,955,26
2022-05-11,50 to 59,1110,49
2022-05-11,60 to 69,1040,40
2022-05-11,70 to 79,1065,19
2022-05-11,80 to 89,851,5
2022-05-11,90+,281,1
2022-05-11,Total,9305,176
2022-05-12,0 to 9,683,2
2022-05-12,10 to 19,505,4
2022-05-12,20 to 29,1399,6
2022-05-12,30 to 39,1500,24
2022-05-12,40 to 49,962,26
2022-05-12,50 to 59,1131,49
2022-05-12,60 to 69,1057,40
2022-05-12,70 to 79,1077,19
2022-05-12,80 to 89,862,6
2022-05-12,90+,283,1
2022-05-12,Total,9459,177
2022-05-13,0 to 9,681,2
2022-05-13,10 to 19,513,4
2022-05-13,20 to 29,1415,6
2022-05-13,30 to 39,1518,24
2022-05-13,40 to 49,972,26
2022-05-13,50 to 59,1150,49
2022-05-13,60 to 69,1073,40
2022-05-13,70 to 79,1088,19
2022-05-13,80 to 89,873,6
2022-05-13,90+,284,1
2022-05-13,Total,9567,177
2022-05-14,0 to 9,684,2
2022-05-14,10 to 19,523,4
2022-05-14,20 to 29,1434,6
2022-05-14,30 to 39,1533,25
2022-05-14,40 to 49,982,26
2022-05-14,50 to 59,1162,49
2022-05-14,60 to 69,1081,40
2022-05-14,70 to 79,1091,19
2022-05-14,80 to 89,885,6
2022-05-14,90+,284,1
2022-05-14,Total,9659,178
2022-05-15,0 to 9,688,2
2022-05-15,10 to 19,530,4
2022-05-15,20 to 29,1442,6
2022-05-15,30 to 39,1543,25
2022-05-15,40 to 49,990,26
2022-05-15,50 to 59,1170,49
2022-05-15,60 to 69,1085,40
2022-05-15,70 to 79,1094,19
2022-05-15,80 to 89,890,6
2022-05-15,90+,287,1
2022-05-15,Total,9719,178
2022-05-16,0 to 9,700,2
2022-05-16,10 to 19,538,4
2022-05-16,20 to 29,1452,6
2022-05-16,30 to 39,1556,25
2022-05-16,40 to 49,995,26
2022-05-16,50 to 59,1178,49
2022-05-16,60 to 69,1090,41
2022-05-16,70 to 79,1110,20
2022-05-16,80 to 89,897,6
2022-05-16,90+,291,1
2022-05-16,Total,9807,180
2022-05-17,0 to 9,709,3
2022-05-17,10 to 19,549,4
2022-05-17,20 to 29,1475,6
2022-05-17,30 to 39,1585,25
2022-05-17,40 to 49,1001,26
2022-05-17,50 to 59,1182,50
2022-05-17,60 to 69,1106,41
2022-05-17,70 to 79,1129,20
2022-05-17,80 to 89,911,7
2022-05-17,90+,299,1
2022-05-17,Total,9946,183
2022-05-18,0 to 9,714,4
2022-05-18,10 to 19,562,4
2022-05-18,20 to 29,1488,6
2022-05-18,30 to 39,1604,24
2022-05-18,40 to 49,1011,26
2022-05-18,50 to 59,1194,51
2022-05-18,60 to 69,1129,41
2022-05-18,70 to 79,1138,20
2022-05-18,80 to 89,925,7
2022-05-18,90+,304,1
2022-05-18,Total,10069,184
2022-05-19,0 to 9,731,4
2022-05-19,10 to 19,570,4
2022-05-19,20 to 29,1500,6
2022-05-19,30 to 39,1624,24
2022-05-19,40 to 49,1025,28
2022-05-19,50 to 59,1208,51
2022-05-19,60 to 69,1142,41
2022-05-19,70 to 79,1156,20
2022-05-19,80 to 89,939,7
2022-05-19,90+,310,1
2022-05-19,Total,10205,186
2022-05-20,0 to 9,733,4
2022-05-20,10 to 19,575,4
2022-05-20,20 to 29,1521,6
2022-05-20,30 to 39,1646,24
2022-05-20,40 to 49,1033,28
2022-05-20,50 to 59,1218,51
2022-05-20,60 to 69,1147,41
2022-05-20,70 to 79,1169,20
2022-05-20,80 to 89,949,7
2022-05-20,90+,316,1
2022-05-20,Total,10307,186
2022-05-21,0 to 9,737,4
2022-05-21,10 to 19,581,4
2022-05-21,20 to 29,1531,6
2022-05-21,30 to 39,1663,25
2022-05-21,40 to 49,1045,28
2022-05-21,50 to 59,1234,51
2022-05-21,60 to 69,1156,41
2022-05-21,70 to 79,1181,20
2022-05-21,80 to 89,953,7
2022-05-21,90+,318,1
2022-05-21,Total,10399,187
2022-05-22,0 to 9,743,4
2022-05-22,10 to 19,583,4
2022-05-22,20 to 29,1553,6
2022-05-22,30 to 39,1675,25
2022-05-22,40 to 49,1051,28
2022-05-22,50 to 59,1238,51
2022-05-22,60 to 69,1159,41
2022-05-22,70 to 79,1184,20
2022-05-22,80 to 89,955,7
2022-05-22,90+,322,1
2022-05-22,Total,10463,187
2022-05-23,0 to 9,746,4
2022-05-23,10 to 19,585,4
2022-05-23,20 to 29,1567,6
2022-05-23,30 to 39,1695,25
2022-05-23,40 to 49,1060,28
2022-05-23,50 to 59,1243,51
2022-05-23,60 to 69,1167,41
2022-05-23,70 to 79,1190,20
2022-05-23,80 to 89,962,8
2022-05-23,90+,324,1
2022-05-23,Total,10539,188
2022-05-24,0 to 9,754,4
2022-05-24,10 to 19,591,4
2022-05-24,20 to 29,1581,6
2022-05-24,30 to 39,1722,25
2022-05-24,40 to 49,1076,28
2022-05-24,50 to 59,1253,51
2022-05-24,60 to 69,1182,41
2022-05-24,70 to 79,1200,20
2022-05-24,80 to 89,972,9
2022-05-24,90+,330,1
2022-05-24,Total,10661,189
2022-05-25,0 to 9,768,4
2022-05-25,10 to 19,599,4
2022-05-25,20 to 29,1603,6
2022-05-25,30 to 39,1745,26
2022-05-25,40 to 49,1089,28
2022-05-25,50 to 59,1270,51
2022-05-25,60 to 69,1205,41
2022-05-25,70 to 79,1215,20
2022-05-25,80 to 89,985,9
2022-05-25,90+,337,1
2022-05-25,Total,10816,190
2022-05-26,0 to 9,779,4
2022-05-26,10 to 19,607,4
2022-05-26,20 to 29,1617,6
2022-05-26,30 to 39,1767,26
2022-05-26,40 to 49,1104,28
2022-05-26,50 to 59,1281,51
2022-05-26,60 to 69,1215,41
2022-05-26,70 to 79,1224,21
2022-05-26,80 to 89,992,9
2022-05-26,90+,342,1
2022-05-26,Total,10928,191
2022-05-27,0 to 9,787,4
2022-05-27,10 to 19,618,4
2022-05-27,20 to 29,1628,7
2022-05-27,30 to 39,1787,26
2022-05-27,40 to 49,1114,28
2022-05-27,50 to 59,1290,51
2022-05-27,60 to 69,1221,41
2022-05-27,70 to 79,1239,21
2022-05-27,80 to 89,1000,9
2022-05-27,90+,348,1
2022-05-27,Total,11032,192
2022-05-28,0 to 9,793,4
2022-05-28,10 to 19,625,4
2022-05-28,20 to 29,1641,7
2022-05-28,30 to 39,1801,26
2022-05-28,40 to 49,1119,28
2022-05-28,50 to 59,1298,51
2022-05-28,60 to 69,1238,42
2022-05-28,70 to 79,1257,22
2022-05-28,80 to 89,1007,9
2022-05-28,90+,351,1
2022-05-28,Total,11130,194
2022-05-29,0 to 9,793,4
2022-05-29,10 to 19,633,4
2022-05-29,20 to 29,1651,7
2022-05-29,30 to 39,1820,25
2022-05-29,40 to 49,1122,28
2022-05-29,50 to 59,1305,51
2022-05-29,60 to 69,1246,42
2022-05-29,70 to 79,1261,22
2022-05-29,80 to 89,1012,9
2022-05-29,90+,355,1
2022-05-29,Total,11198,193
2022-05-30,0 to 9,798,4
2022-05-30,10 to 19,641,4
2022-05-30,20 to 29,1671,7
2022-05-30,30 to 39,1829,25
2022-05-30,40 to 49,1130,28
2022-05-30,50 to 59,1309,51
2022-05-30,60 to 69,1255,42
2022-05-30,70 to 79,1274,22
2022-05-30,80 to 89,1028,9
2022-05-30,90+,358,1
2022-05-30,Total,11293,193
2022-05-31,0 to 9,805,4
2022-05-31,10 to 19,643,4
2022-05-31,20 to 29,1693,7
2022-05-31,30 to 39,1858,25
2022-05-31,40 to 49,1139,28
2022-05-31,50 to 59,1321,51
2022-05-31,60 to 69,1273,42
2022-05-31,70 to 79,1285,22
2022-05-31,80 to 89,1043,9
2022-05-31,90+,361,1
2022-05-31,Total,11421,193
2022-06-01,0 to 9,815,4
2022-06-01,10 to 19,648,4
2022-06-01,20 to 29,1730,7
2022-06-01,30 to 39,1885,26
2022-06-01,40 to 49,1151,28
2022-06-01,50 to 59,1338,51
2022-06-01,60 to 69,1294,42
2022-06-01,70 to 79,1305,22
2022-06-01,80 to 89,1060,9
2022-06-01,90+,365,1
2022-06-01,Total,11591,194
2022-06-02,0 to 9,819,4
2022-06-02,10 to 19,658,4
2022-06-02,20 to 29,1738,8
2022-06-02,30 to 39,1912,26
2022-06-02,40 to 49,1161,28
2022-06-02,50 to 59,1353,51
2022-06-02,60 to 69,1315,42
2022-06-02,70 to 79,1313,22
2022-06-02,80 to 89,1082,9
2022-06-02,90+,373,1
2022-06-02,Total,11724,195
2022-06-03,0 to 9,830,4
2022-06-03,10 to 19,665,4
2022-06-03,20 to 29,1752,8
2022-06-03,30 to 39,1940,25
2022-06-03,40 to 49,1174,28
2022-06-03,50 to 59,1361,51
2022-06-03,60 to 69,1325,42
2022-06-03,70 to 79,1330,23
2022-06-03,80 to 89,1090,9
2022-06-03,90+,376,1
2022-06-03,Total,11843,195
2022-06-04,0 to 9,835,4
2022-06-04,10 to 19,674,4
2022-06-04,20 to 29,1771,8
2022-06-04,30 to 39,1953,26
2022-06-04,40 to 49,1180,28
2022-06-04,50 to 59,1367,51
2022-06-04,60 to 69,1335,42
2022-06-04,70 to 79,1345,23
2022-06-04,80 to 89,1098,9
2022-06-04,90+,379,1
2022-06-04,Total,11937,196
2022-06-06,0 to 9,841,4
2022-06-06,10 to 19,686,4
2022-06-06,20 to 29,1794,8
2022-06-06,30 to 39,1977,25
2022-06-06,40 to 49,1189,28
2022-06-06,50 to 59,1384,51
2022-06-06,60 to 69,1344,42
2022-06-06,70 to 79,1361,23
2022-06-06,80 to 89,1113,9
2022-06-06,90+,384,1
2022-06-06,Total,12073,195
2022-06-07,0 to 9,849,4
2022-06-07,10 to 19,692,4
2022-06-07,20 to 29,1808,8
2022-06-07,30 to 39,1995,26
2022-06-07,40 to 49,1200,28
2022-06-07,50 to 59,1391,51
2022-06-07,60 to 69,1348,42
2022-06-07,70 to 79,1370,23
2022-06-07,80 to 89,1113,9
2022-06-07,90+,386,1
2022-06-07,Total,12152,196
2022-06-08,0 to 9,878,4
2022-06-08,10 to 19,717,4
2022-06-08,20 to 29,1840,8
2022-06-08,30 to 39,2031,25
2022-06-08,40 to 49,1222,28
2022-06-08,50 to 59,1415,51
2022-06-08,60 to 69,1367,42
2022-06-08,70 to 79,1398,23
2022-06-08,80 to 89,1142,9
2022-06-08,90+,389,1
2022-06-08,Total,12399,195
2022-06-09,0 to 9,890,4
2022-06-09,10 to 19,728,4
2022-06-09,20 to 29,1866,8
2022-06-09,30 to 39,2047,26
2022-06-09,40 to 49,1235,28
2022-06-09,50 to 59,1424,51
2022-06-09,60 to 69,1383,42
2022-06-09,70 to 79,1409,23
2022-06-09,80 to 89,1154,9
2022-06-09,90+,395,1
2022-06-09,Total,12531,196
2022-06-10,0 to 9,897,4
2022-06-10,10 to 19,732,4
2022-06-10,20 to 29,1886,8
2022-06-10,30 to 39,2062,26
2022-06-10,40 to 49,1251,29
2022-06-10,50 to 59,1441,51
2022-06-10,60 to 69,1400,42
2022-06-10,70 to 79,1431,23
2022-06-10,80 to 89,1154,9
2022-06-10,90+,400,1
2022-06-10,Total,12654,197
2022-06-11,0 to 9,899,4
2022-06-11,10 to 19,739,4
2022-06-11,20 to 29,1898,8
2022-06-11,30 to 39,2086,26
2022-06-11,40 to 49,1258,29
2022-06-11,50 to 59,1448,51
2022-06-11,60 to 69,1415,42
2022-06-11,70 to 79,1442,23
2022-06-11,80 to 89,1164,9
2022-06-11,90+,401,1
2022-06-11,Total,12750,197
2022-06-12,0 to 9,903,4
2022-06-12,10 to 19,744,4
2022-06-12,20 to 29,1915,8
2022-06-12,30 to 39,2101,26
2022-06-12,40 to 49,1264,29
2022-06-12,50 to 59,1459,51
2022-06-12,60 to 69,1419,42
2022-06-12,70 to 79,1446,23
2022-06-12,80 to 89,1172,9
2022-06-12,90+,402,1
2022-06-12,Total,12825,197
2022-06-13,0 to 9,913,4
2022-06-13,10 to 19,749,4
2022-06-13,20 to 29,1924,8
2022-06-13,30 to 39,2125,26
2022-06-13,40 to 49,1267,29
2022-06-13,50 to 59,1470,51
2022-06-13,60 to 69,1428,42
2022-06-13,70 to 79,1449,23
2022-06-13,80 to 89,1191,9
2022-06-13,90+,403,1
2022-06-13,Total,12919,197
2022-06-14,0 to 9,924,4
2022-06-14,10 to 19,759,4
2022-06-14,20 to 29,1932,8
2022-06-14,30 to 39,2152,26
2022-06-14,40 to 49,1286,29
2022-06-14,50 to 59,1484,51
2022-06-14,60 to 69,1444,42
2022-06-14,70 to 79,1470,23
2022-06-14,80 to 89,1205,9
2022-06-14,90+,406,2
2022-06-14,Total,13062,198
2022-06-15,0 to 9,931,5
2022-06-15,10 to 19,763,4
2022-06-15,20 to 29,1951,8
2022-06-15,30 to 39,2170,26
2022-06-15,40 to 49,1296,29
2022-06-15,50 to 59,1492,51
2022-06-15,60 to 69,1456,42
2022-06-15,70 to 79,1486,23
2022-06-15,80 to 89,1218,9
2022-06-15,90+,408,2
2022-06-15,Total,13171,199
2022-06-16,0 to 9,924,5
2022-06-16,10 to 19,757,4
2022-06-16,20 to 29,1935,8
2022-06-16,30 to 39,2166,25
2022-06-16,40 to 49,1293,29
2022-06-16,50 to 59,1490,51
2022-06-16,60 to 69,1433,43
2022-06-16,70 to 79,1469,24
2022-06-16,80 to 89,1212,9
2022-06-16,90+,407,2
2022-06-16,Total,13086,200
2022-06-17,0 to 9,928,5
2022-06-17,10 to 19,759,4
2022-06-17,20 to 29,1955,8
2022-06-17,30 to 39,2184,26
2022-06-17,40 to 49,1301,29
2022-06-17,50 to 59,1499,51
2022-06-17,60 to 69,1445,43
2022-06-17,70 to 79,1473,24
2022-06-17,80 to 89,1227,9
2022-06-17,90+,412,2
2022-06-17,Total,13183,201
2022-06-18,0 to 9,929,5
2022-06-18,10 to 19,764,4
2022-06-18,20 to 29,1966,8
2022-06-18,30 to 39,2193,26
2022-06-18,40 to 49,1316,29
2022-06-18,50 to 59,1512,51
2022-06-18,60 to 69,1457,43
2022-06-18,70 to 79,1488,24
2022-06-18,80 to 89,1234,9
2022-06-18,90+,418,2
2022-06-18,Total,13277,201
2022-06-19,0 to 9,932,5
2022-06-19,10 to 19,772,4
2022-06-19,20 to 29,1977,8
2022-06-19,30 to 39,2213,26
2022-06-19,40 to 49,1322,29
2022-06-19,50 to 59,1518,51
2022-06-19,60 to 69,1467,43
2022-06-19,70 to 79,1490,24
2022-06-19,80 to 89,1238,9
2022-06-19,90+,420,2
2022-06-19,Total,13349,201
2022-06-20,0 to 9,946,5
2022-06-20,10 to 19,779,4
2022-06-20,20 to 29,1994,8
2022-06-20,30 to 39,2228,25
2022-06-20,40 to 49,1332,29
2022-06-20,50 to 59,1532,51
2022-06-20,60 to 69,1479,43
2022-06-20,70 to 79,1503,24
2022-06-20,80 to 89,1247,9
2022-06-20,90+,426,2
2022-06-20,Total,13466,200
2022-06-21,0 to 9,954,5
2022-06-21,10 to 19,794,4
2022-06-21,20 to 29,2010,8
2022-06-21,30 to 39,2247,25
2022-06-21,40 to 49,1342,29
2022-06-21,50 to 59,1540,51
2022-06-21,60 to 69,1495,43
2022-06-21,70 to 79,1514,24
2022-06-21,80 to 89,1259,9
2022-06-21,90+,426,2
2022-06-21,Total,13581,200
2022-06-22,0 to 9,962,5
2022-06-22,10 to 19,801,4
2022-06-22,20 to 29,2030,8
2022-06-22,30 to 39,2275,26
2022-06-22,40 to 49,1356,29
2022-06-22,50 to 59,1552,51
2022-06-22,60 to 69,1509,43
2022-06-22,70 to 79,1530,24
2022-06-22,80 to 89,1277,9
2022-06-22,90+,429,2
2022-06-22,Total,13721,201
2022-06-24,0 to 9,975,6
2022-06-24,10 to 19,813,4
2022-06-24,20 to 29,2071,9
2022-06-24,30 to 39,2323,26
2022-06-24,40 to 49,1380,29
2022-06-24,50 to 59,1580,51
2022-06-24,60 to 69,1529,43
2022-06-24,70 to 79,1549,24
2022-06-24,80 to 89,1305,9
2022-06-24,90+,431,2
2022-06-24,Total,13956,203
2022-06-25,0 to 9,980,6
2022-06-25,10 to 19,821,4
2022-06-25,20 to 29,2077,9
2022-06-25,30 to 39,2338,25
2022-06-25,40 to 49,1389,29
2022-06-25,50 to 59,1587,51
2022-06-25,60 to 69,1535,43
2022-06-25,70 to 79,1557,24
2022-06-25,80 to 89,1313,9
2022-06-25,90+,437,2
2022-06-25,Total,14034,202
2022-06-26,0 to 9,984,6
2022-06-26,10 to 19,824,4
2022-06-26,20 to 29,2093,9
2022-06-26,30 to 39,2348,26
2022-06-26,40 to 49,1402,29
2022-06-26,50 to 59,1596,51
2022-06-26,60 to 69,1544,43
2022-06-26,70 to 79,1567,24
2022-06-26,80 to 89,1331,9
2022-06-26,90+,442,2
2022-06-26,Total,14131,203
2022-06-27,0 to 9,993,6
2022-06-27,10 to 19,828,4
2022-06-27,20 to 29,2101,9
2022-06-27,30 to 39,2371,26
2022-06-27,40 to 49,1411,29
2022-06-27,50 to 59,1607,51
2022-06-27,60 to 69,1554,43
2022-06-27,70 to 79,1584,24
2022-06-27,80 to 89,1346,9
2022-06-27,90+,450,2
2022-06-27,Total,14245,203
2022-06-28,0 to 9,1008,6
2022-06-28,10 to 19,834,4
2022-06-28,20 to 29,2110,9
2022-06-28,30 to 39,2394,26
2022-06-28,40 to 49,1428,29
2022-06-28,50 to 59,1617,51
2022-06-28,60 to 69,1572,43
2022-06-28,70 to 79,1597,24
2022-06-28,80 to 89,1368,9
2022-06-28,90+,457,2
2022-06-28,Total,14385,203
2022-06-29,0 to 9,1025,6
2022-06-29,10 to 19,840,4
2022-06-29,20 to 29,2134,9
2022-06-29,30 to 39,2426,26
2022-06-29,40 to 49,1441,30
2022-06-29,50 to 59,1631,51
2022-06-29,60 to 69,1597,44
2022-06-29,70 to 79,1623,24
2022-06-29,80 to 89,1393,9
2022-06-29,90+,464,2
2022-06-29,Total,14574,205
2022-06-30,0 to 9,1034,6
2022-06-30,10 to 19,842,4
2022-06-30,20 to 29,2156,9
2022-06-30,30 to 39,2447,26
2022-06-30,40 to 49,1453,30
2022-06-30,50 to 59,1649,51
2022-06-30,60 to 69,1609,44
2022-06-30,70 to 79,1639,24
2022-06-30,80 to 89,1404,9
2022-06-30,90+,475,2
2022-06-30,Total,14708,205
2022-07-01,0 to 9,1043,6
2022-07-01,10 to 19,852,4
2022-07-01,20 to 29,2164,9
2022-07-01,30 to 39,2467,26
2022-07-01,40 to 49,1461,30
2022-07-01,50 to 59,1663,51
2022-07-01,60 to 69,1623,44
2022-07-01,70 to 79,1660,24
2022-07-01,80 to 89,1428,9
2022-07-01,90+,481,2
2022-07-01,Total,14842,205
2022-07-02,0 to 9,1045,6
2022-07-02,10 to 19,857,4
2022-07-02,20 to 29,2184,9
2022-07-02,30 to 39,2485,25
2022-07-02,40 to 49,1471,30
2022-07-02,50 to 59,1669,51
2022-07-02,60 to 69,1630,44
2022-07-02,70 to 79,1674,24
2022-07-02,80 to 89,1439,9
2022-07-02,90+,484,2
2022-07-02,Total,14938,204
2022-07-03,0 to 9,1046,6
2022-07-03,10 to 19,859,4
2022-07-03,20 to 29,2197,9
2022-07-03,30 to 39,2497,25
2022-07-03,40 to 49,1475,30
2022-07-03,50 to 59,1677,51
2022-07-03,60 to 69,1637,44
2022-07-03,70 to 79,1682,24
2022-07-03,80 to 89,1450,9
2022-07-03,90+,487,2
2022-07-03,Total,15007,204
